"","submitted_name","matched_name2","score"
"1","Abbottina rivularis","Abbottina rivularis",0.988
"2","Abelmoschus esculentus","Abelmoschus esculentus",0.988
"3","Abutilon indicum","Abutilon indicum",0.988
"4","Acanthogobius flavimanus","Acanthogobius flavimanus",0.988
"5","Achillea pannonica","Achillea pannonica",0.988
"6","Achillea ptarmica","Achillea ptarmica",0.988
"7","Achillea stricta","Achillea",0.75
"8","Achnatherum hymenoides","Achnatherum hymenoides",0.988
"9","Achyranthes aspera","Achyranthes aspera",0.988
"10","Aconitum lycoctonum","Aconitum lycoctonum",0.988
"11","Aconogonon coriarium","Aconogonon",0.75
"12","Aeschynomene indica","Aeschynomene indica",0.988
"13","Agave sisalana","Agave sisalana",0.988
"14","Agrostis hiemalis","Agrostis hiemalis",0.988
"15","Ajuga chamaepitis","Ajuga chamaepitys",0.75
"16","Ajuga pyramidalis","Ajuga pyramidalis",0.988
"17","Alburnus alburnus","Alburnus alburnus",0.988
"18","Alchemilla gibberulosa","Alchemilla",0.75
"19","Alchemilla glabricaulis","Alchemilla",0.75
"20","Alchemilla glaucescens","Alchemilla glaucescens",0.988
"21","Alchemilla hirsuticaulis","Alchemilla",0.75
"22","Alchemilla leiophylla","Alchemilla",0.75
"23","Alisma subcordatum","Alisma subcordatum",0.988
"24","Allium pyrenaicum","Allium",0.75
"25","Aloe latifolia","Aloe",0.75
"26","Alpinia zerumbet","Alpinia zerumbet",0.988
"27","Alternanthera philoxeroides","Alternanthera philoxeroides",0.988
"28","Alternanthera sessilis","Alternanthera sessilis",0.988
"29","Alyssum libycum","Alyssum",0.75
"30","Alyssum minus","Alyssum minus",0.988
"31","Alyssum simplex","Alyssum simplex",0.988
"32","Amaranthus blitum","Amaranthus blitum",0.988
"33","Amaranthus hybridus","Amaranthus hybridus",0.988
"34","Amaranthus viridis","Amaranthus viridis",0.988
"35","Ambloplites rupestris","Ambloplites rupestris",0.988
"36","Ameiurus melas","Ameiurus melas",0.988
"37","Ameiurus natalis","Ameiurus natalis",0.988
"38","Amsonia tabernaemontana","Amsonia tabernaemontana",0.988
"39","Anacyclus officinarum","Anacyclus",0.75
"40","Anadara demiri","Anadara",0.75
"41","Anadara inaequivalvis","Anadara",0.75
"42","Anchusa thessala","Anchusa",0.75
"43","Andropogon glomeratus","Andropogon glomeratus",0.988
"44","Andropogon virginicus","Andropogon virginicus",0.988
"45","Anemone halleri","Anemone",0.75
"46","Anthemis triumfettii","Anthemis",0.75
"47","Anubias heterophylla","Anubias heterophylla",0.988
"48","Apera interrupta","Apera interrupta",0.988
"49","Aphelenchoides besseyi","Aphelenchoides",0.75
"50","Aphelenchoides fragariae","Aphelenchoides",0.75
"51","Aphelenchoides ritzemabosi","Aphelenchoides",0.75
"52","Arctotheca calendula","Arctotheca calendula",0.988
"53","Areca catechu","Areca catechu",0.988
"54","Artemia","Artemia",0.75
"55","Artemisia capillaris","Artemisia",0.75
"56","Artemisia sieversiana","Artemisia",0.75
"57","Artocarpus heterophyllus","Artocarpus heterophyllus",0.988
"58","Arundo donax","Arundo donax",0.988
"59","Asclepias curassavica","Asclepias curassavica",0.988
"60","Aspius aspius","Aspius aspius",0.988
"61","Aster dumosus","Aster dumosus",0.988
"62","Aster lateriflorus","Aster lateriflorus",0.988
"63","Aster patulus","Aster",0.75
"64","Aster riparius","Aster riparius",0.988
"65","Aster salignus","Aster salignus",0.988
"66","Aster tradescantii","Aster tradescantii",0.988
"67","Aster versicolor","Aster versicolor",0.988
"68","Astragalus crenatus","Astragalus crenatus",0.988
"69","Astragalus galegiformis","Astragalus galegiformis",0.988
"70","Astronotus ocellatus","Astronotus ocellatus",0.988
"71","Atriplex hortensis","Atriplex hortensis",0.988
"72","Atriplex sphaeromorpha","Atriplex",0.75
"73","Avena clauda","Avena",0.75
"74","Avena eriantha","Avena",0.75
"75","Bacopa monnieri","Bacopa monnieri",0.988
"76","Ballota rupestris","Ballota",0.75
"77","Bassia prostrata","Bassia prostrata",0.988
"78","Bassia tricuspis","Bassia",0.75
"79","Bidens ferulifolia","Bidens ferulifolia",0.988
"80","Bidens pilosa","Bidens pilosa",0.988
"81","Bifora testiculata","Bifora testiculata",0.988
"82","Boehmeria penduliflora","Boehmeria penduliflora",0.988
"83","Boltonia asteroides","Boltonia asteroides",0.988
"84","Bombycilaena erecta","Bombycilaena",0.75
"85","Borago pygmaea","Borago",0.75
"86","Brachypodium sylvaticum","Brachypodium sylvaticum",0.988
"87","Bracteantha bracteata","Bracteantha bracteata",0.988
"88","Brassaia actinophylla","Brassaia actinophylla",0.988
"89","Brassica tournefortii","Brassica tournefortii",0.988
"90","Bromopsis condensata","Bromopsis condensata",0.988
"91","Bromus diandrus","Bromus diandrus",0.988
"92","Bromus inermis","Bromus inermis",0.988
"93","Bromus japonicus","Bromus japonicus",0.988
"94","Bromus kalmii","Bromus kalmii",0.988
"95","Bromus squarrosus","Bromus squarrosus",0.988
"96","Bryonia diocia","Bryonia dioica",0.75
"97","Bubalus bubalis","Bubalus bubalis",0.988
"98","Bunias arvensis","Bunias",0.75
"99","Bunium alpinum","Bunium",0.75
"100","Bunium bulbocastanum","Bunium bulbocastanum",0.988
"101","Bupleurum longifolium","Bupleurum lancifolium",0.75
"102","Bythotrephes longimanus","Bythotrephes longimanus",0.988
"103","Cabomba caroliniana","Cabomba caroliniana",0.988
"104","Calamintha nepeta","Calamintha nepeta",0.988
"105","Calendula stellata","Calendula",0.75
"106","Callionymus filamentosus","Callionymus filamentosus",0.988
"107","Calophyllum inophyllum","Calophyllum inophyllum",0.988
"108","Calopogonium mucunoides","Calopogonium mucunoides",0.988
"109","Calotropis gigantea","Calotropis gigantea",0.988
"110","Caltha leptosepala","Caltha leptosepala",0.988
"111","Calystegia spectabilis","Calystegia",0.75
"112","Canavalia cathartica","Canavalia cathartica",0.988
"113","Canna indica","Canna indica",0.988
"114","Caprella scaura","Caprella scaura",0.988
"115","Capsicum annuum","Capsicum annuum",0.988
"116","Carassius auratus auratus","Carassius auratus auratus",0.999
"117","Carassius cuvieri","Carassius cuvieri",0.988
"118","Carassius gibelio","Carassius gibelio",0.988
"119","Cardamine parviflora","Cardamine parviflora",0.988
"120","Cardiospermum halicacabum","Cardiospermum halicacabum",0.988
"121","Carduus cinereus","Carduus",0.75
"122","Carduus crispus","Carduus crispus",0.988
"123","Carex intumescens","Carex intumescens",0.988
"124","Carex kobomugi","Carex kobomugi",0.988
"125","Carex nigra","Carex nigra",0.988
"126","Carex ovalis","Carex ovalis",0.988
"127","Carex tribuloides","Carex tribuloides",0.988
"128","Carlina vulgaris","Carlina vulgaris",0.988
"129","Carpobrotus edulis","Carpobrotus edulis",0.988
"130","Castor canadensis","Castor canadensis",0.988
"131","Catharanthus roseus","Catharanthus roseus",0.988
"132","Caucalis platycarpos subsp. bischoffii","Caucalis platycarpos",0.988
"133","Ceciloides acicula","Cecilioides acicula",0.75
"134","Centaurea cheiranthifolia","Centaurea",0.75
"135","Centaurea micranthos","Centaurea",0.75
"136","Centaurea pannonica","Centaurea",0.75
"137","Centaurea salonitana","Centaurea",0.75
"138","Centella asiatica","Centella asiatica",0.988
"139","Centranthus longiflorus","Centranthus",0.75
"140","Cerastium perfoliatum","Cerastium",0.75
"141","Ceratochloa sitchensis","Ceratochloa",0.75
"142","Ceratophyllum pentacanthum","Ceratophyllum",0.75
"143","Ceratopteris thalictroides","Ceratopteris thalictroides",0.988
"144","Cercopagis pengoi","Cercopagis pengoi",0.988
"145","Cerithium litteratum","Cerithium litteratum",0.988
"146","Chamaecytisus albus","Chamaecytisus",0.75
"147","Channa argus argus","Channa argus argus",0.999
"148","Channa marulius","Channa marulius",0.988
"149","Chelicorophium curvispinum","Chelicorophium",0.75
"150","Chenopodium album","Chenopodium album",0.988
"151","Chenopodium carinatum","Chenopodium carinatum",0.988
"152","Chenopodium glaucophyllum","Chenopodium glaucophyllum",0.988
"153","Chenopodium pumilio","Chenopodium pumilio",0.988
"154","Chenopodium vachelii","Chenopodium",0.75
"155","Chenopodium wolffii","Chenopodium wolfii",0.75
"156","Cherax cainii","Cherax cainii",0.988
"157","Cherax destructor","Cherax destructor",0.988
"158","Cherax quadricarinatus","Cherax quadricarinatus",0.988
"159","Chlamys lischkei","Chlamys",0.75
"160","Chloris barbata","Chloris barbata",0.988
"161","Chloris pumilio","Chloris",0.75
"162","Chondria collinsiana","Chondria collinsiana",0.988
"163","Chrysallida pirintella","Chrysallida",0.75
"164","Chrysanthemum corymbosum","Chrysanthemum corymbosum",0.988
"165","Chrysanthemum macrophyllum","Chrysanthemum",0.75
"166","Chrysanthemum millefoliatum","Chrysanthemum",0.75
"167","Cichorium endivia","Cichorium endivia",0.988
"168","Cirsium ochrocentrum","Cirsium ochrocentrum",0.988
"169","Citrus aurantiifolia","Citrus aurantiifolia",0.988
"170","Clarias batrachus","Clarias batrachus",0.988
"171","Claytonia parvifolia","Claytonia parvifolia",0.988
"172","Cleome graveolens","Cleome",0.75
"173","Cleome hassleriana","Cleome hassleriana",0.988
"174","Cleome marshallii","Cleome",0.75
"175","Cleome viscosa","Cleome viscosa",0.988
"176","Clitoria ternatea","Clitoria ternatea",0.988
"177","Clupeonella cultriventris","Clupeonella cultriventris",0.988
"178","Coix lacryma-jobi","Coix lacryma-jobi",0.988
"179","Coleus blumei","Coleus blumei",0.988
"180","Consolida uechtritziana","Consolida",0.75
"181","Corbicula fluminalis","Corbicula fluminalis",0.988
"182","Corbicula fluminea","Corbicula fluminea",0.988
"183","Coregonus albula","Coregonus albula",0.988
"184","Coreopsis alternifolia","Coreopsis alternifolia",0.988
"185","Corispermum membranaceum","Corispermum membranaceum",0.988
"186","Corymbia citriodora","Corymbia citriodora",0.988
"187","Corynephorus divaricatus","Corynephorus",0.75
"188","Cotoneaster moupinensis","Cotoneaster moupinensis",0.988
"189","Crambe koktebelica","Crambe",0.75
"190","Crassula helmsii","Crassula helmsii",0.988
"191","Crocus purpureus","Crocus",0.75
"192","Crocus speciosa","Crocus",0.75
"193","Crotalaria retusa","Crotalaria retusa",0.988
"194","Crotalaria spectabilis","Crotalaria spectabilis",0.988
"195","Ctenopharyngodon idella","Ctenopharyngodon idella",0.988
"196","Cucumis anguria","Cucumis anguria",0.988
"197","Cuscuta approximata","Cuscuta approximata",0.988
"198","Cuscuta cesatiana","Cuscuta",0.75
"199","Cuscuta gronovii","Cuscuta gronovii",0.988
"200","Cuscuta reflexa","Cuscuta reflexa",0.988
"201","Cutandia memphitica","Cutandia memphitica",0.988
"202","Cyclachaena xanthiifolia","Cyclachaena xanthiifolia",0.988
"203","Cyclanthera pedata","Cyclanthera pedata",0.988
"204","Cycloloma atriplicifolium","Cycloloma atriplicifolium",0.988
"205","Cymbopogon citratus","Cymbopogon citratus",0.988
"206","Cynodon dactylon","Cynodon dactylon",0.988
"207","Cynoglossum apenninum","Cynoglossum",0.75
"208","Cynoglossum creticum","Cynoglossum",0.75
"209","Cynoglossum glochidiatum","Cynoglossum glochidiatum",0.988
"210","Cynosurus echinatus","Cynosurus echinatus",0.988
"211","Cyperus difformis","Cyperus difformis",0.988
"212","Cyperus imbricatus","Cyperus imbricatus",0.988
"213","Cyperus iria","Cyperus iria",0.988
"214","Cyperus microiria","Cyperus microiria",0.988
"215","Cyperus papyrus","Cyperus papyrus",0.988
"216","Cyperus strigosus","Cyperus strigosus",0.988
"217","Cyprinella lutrensis","Cyprinella lutrensis",0.988
"218","Cyprinus carpio","Cyprinus carpio",0.988
"219","Danae racemosa","Danae",0.75
"220","Danthonia spicata","Danthonia spicata",0.988
"221","Daphnia ambigua","Daphnia ambigua",0.988
"222","Daphnia lumholtzi","Daphnia lumholtzi",0.988
"223","Dasiphora fruticosa","Dasiphora fruticosa",0.988
"224","Dasiphora glabrata","Dasiphora",0.75
"225","Datura inixia","Datura inoxia",0.75
"226","Datura metel","Datura metel",0.988
"227","Daucus broteri","Daucus",0.75
"228","Daucus carota","Daucus carota",0.988
"229","Daucus guttatus","Daucus",0.75
"230","Dendostrea frons","Dendostrea frons",0.988
"231","Dendrobaena hortensis","Dendrobaena hortensis",0.988
"232","Dendrostrea frons","Dendostrea frons",0.75
"233","Dennstaedtia punctilobula","Dennstaedtia punctilobula",0.988
"234","Dentaria glandulosa","Dentaria",0.75
"235","Deschampsia cespitosa","Deschampsia cespitosa",0.988
"236","Desmazeria marina","Desmazeria",0.75
"237","Dianthus cruentus","Dianthus",0.75
"238","Dichanthelium acuminatum","Dichanthelium acuminatum",0.988
"239","Digitalis grandiflora","Digitalis grandiflora",0.988
"240","Digitaria aegyptiaca","Digitaria",0.75
"241","Digitaria debilis","Digitaria debilis",0.988
"242","Digitaria longiflora","Digitaria longiflora",0.988
"243","Dikerogammarus villosus","Dikerogammarus",0.75
"244","Dioscorea bulbifera","Dioscorea bulbifera",0.988
"245","Draba aizoides","Draba",0.75
"246","Draba verna","Draba verna",0.988
"247","Dracopis amplexicaulis","Dracopis amplexicaulis",0.988
"248","Dreissena polymorpha","Dreissena polymorpha",0.988
"249","Dreissena rostriformis bugensis","Dreissena rostriformis bugensis",0.999
"250","Duchesna indica","Duchesnea indica",0.75
"251","Dulichium arundinaceum","Dulichium arundinaceum",0.988
"252","Dysphania botrys","Dysphania botrys",0.988
"253","Echinochloa colona","Echinochloa colona",0.988
"254","Echinochloa crus-pavonis","Echinochloa crus-pavonis",0.988
"255","Echinochloa microstachya","Echinochloa microstachya",0.988
"256","Echinops bannaticus","Echinops bannaticus",0.988
"257","Echinops sphaerocephalus","Echinops sphaerocephalus",0.988
"258","Eichhornia azurea","Eichhornia azurea",0.988
"259","Elatine hungarica","Elatine",0.75
"260","Elodea nuttallii","Elodea nuttallii",0.988
"261","Elsholzia ciliata","Elsholtzia ciliata",0.75
"262","Elymus repens","Elymus repens",0.988
"263","Enchelycore anatina","Enchelycore anatina",0.988
"264","Epilobium brunnescens","Epilobium",0.75
"265","Epilobium dodonanei","Epilobium dodonaei",0.75
"266","Epilobium glandulosum","Epilobium glandulosum",0.988
"267","Equisetum palustre","Equisetum palustre",0.988
"268","Eragrostis caroliniana","Eragrostis caroliniana",0.988
"269","Eragrostis ciliaris","Eragrostis ciliaris",0.988
"270","Eragrostis curvula","Eragrostis curvula",0.988
"271","Eragrostis flaccida","Eragrostis flaccida",0.988
"272","Eragrostis japonica","Eragrostis japonica",0.988
"273","Eragrostis unioloides","Eragrostis unioloides",0.988
"274","Erigeron acer","Erigeron acer",0.988
"275","Erigeron annuus","Erigeron annuus",0.988
"276","Erigeron ramosus","Erigeron ramosus",0.988
"277","Erigeron septentrionale","Erigeron",0.75
"278","Eriobotrya japonica","Eriobotrya japonica",0.988
"279","Eriocheir japonica","Eriocheir",0.75
"280","Eriocheir sinensis","Eriocheir sinensis",0.988
"281","Eriochloa succinta","Eriochloa",0.75
"282","Erophila verna","Erophila verna",0.988
"283","Erysimum perovskianum","Erysimum perofskianum",0.75
"284","Erysimum wahlenbergii","Erysimum",0.75
"285","Esox lucius","Esox lucius",0.988
"286","Eucalyptus","Eucalyptus",0.75
"287","Euglandina rosea","Euglandina rosea",0.988
"288","Eupatorium trapezoideum","Eupatorium",0.75
"289","Euphorbia carpatica","Euphorbia carpatica",0.988
"290","Euphorbia glyptosperma","Euphorbia glyptosperma",0.988
"291","Euphorbia lagascae","Euphorbia lagascae",0.988
"292","Euphorbia leptocaula","Euphorbia leptocaula",0.988
"293","Euphorbia maculata","Euphorbia maculata",0.988
"294","Euphorbia massiliensis","Euphorbia massiliensis",0.988
"295","Euphorbia rigida","Euphorbia rigida",0.988
"296","Euphorbia sareptana","Euphorbia sareptana",0.988
"297","Euphrasia fennica","Euphrasia",0.75
"298","Euphrasia vernalis","Euphrasia",0.75
"299","Exochorda racemosa","Exochorda racemosa",0.988
"300","Farfantepenaeus aztecus","Farfantepenaeus aztecus",0.988
"301","Fatoua villosa","Fatoua villosa",0.988
"302","Faxonius limosus","Faxonius limosus",0.988
"303","Faxonius rusticus","Faxonius rusticus",0.988
"304","Faxonius virilis","Faxonius virilis",0.988
"305","Ferrissia fragilis","Ferrissia fragilis",0.988
"306","Festuca falax","Festuca fallax",0.75
"307","Ficus carica","Ficus carica",0.988
"308","Ficus microcarpus","Ficus microcarpus",0.988
"309","Filaginella uliginosa","Filaginella uliginosa",0.988
"310","Filago arvensis","Filago arvensis",0.988
"311","Filago minima","Filago minima",0.988
"312","Filipendula kamtschatica","Filipendula",0.75
"313","Filipendula rubra","Filipendula rubra",0.988
"314","Filipendula ulmaria","Filipendula ulmaria",0.988
"315","Filipendula vulgaris","Filipendula vulgaris",0.988
"316","Fimbristylis bisumbellata","Fimbristylis",0.75
"317","Fimbristylis cymosa","Fimbristylis cymosa",0.988
"318","Fimbristylis littoralis","Fimbristylis littoralis",0.988
"319","Fragaria viridis","Fragaria",0.75
"320","Fulvia fragilis","Fulvia",0.75
"321","Fumaria densiflora","Fumaria",0.75
"322","Fumaria kralikii","Fumaria",0.75
"323","Fumaria petteri","Fumaria",0.75
"324","Fumaria schleicheri","Fumaria",0.75
"325","Gagea arvensis","Gagea",0.75
"326","Gagea granulosa","Gagea",0.75
"327","Gahnia aspera subsp. globosa","Gahnia aspera ssp. globosa",0.999
"328","Galanthus plicatus","Galanthus",0.75
"329","Galanthus reginae-olgae","Galanthus",0.75
"330","Galanthus woronowii","Galanthus",0.75
"331","Galatella dracunculoides","Galatella",0.75
"332","Galega officinalis","Galega officinalis",0.988
"333","Galega orientalis","Galega",0.75
"334","Galeobdolon argentatum","Galeobdolon",0.75
"335","Galeopsis speciosa","Galeopsis speciosa",0.988
"336","Galinsoga urticifolia","Galinsoga urticifolia",0.988
"337","Galium album","Galium album",0.988
"338","Galium saxatile","Galium saxatile",0.988
"339","Galium uliginosum","Galium uliginosum",0.988
"340","Gambusia affinis","Gambusia affinis",0.988
"341","Gambusia holbrooki","Gambusia holbrooki",0.988
"342","Gammarus tigrinus","Gammarus tigrinus",0.988
"343","Gamochaeta pensylvanica","Gamochaeta pensylvanica",0.988
"344","Gamochaeta purpurea","Gamochaeta purpurea",0.988
"345","Gardenia jasminoides","Gardenia jasminoides",0.988
"346","Gastridium ventricosum","Gastridium ventricosum",0.988
"347","Gaura lindheimeri","Gaura lindheimeri",0.988
"348","Geranium himalayense","Geranium",0.75
"349","Geranium lucidum","Geranium lucidum",0.988
"350","Geranium nepalense","Geranium nepalense",0.988
"351","Geranium pratense","Geranium pratense",0.988
"352","Geranium psilostemon","Geranium",0.75
"353","Geranium robertianum","Geranium robertianum",0.988
"354","Geranium sylvaticum","Geranium sylvaticum",0.988
"355","Geranium thunbergii","Geranium thunbergii",0.988
"356","Geranium versicolor","Geranium versicolor",0.988
"357","Geum aleppicum","Geum aleppicum",0.988
"358","Geum humifusum","Geum",0.75
"359","Geum verrucosum","Geum",0.75
"360","Gladiolus palustris","Gladiolus",0.75
"361","Glandularia peruviana","Glandularia peruviana",0.988
"362","Glebionis coronaria","Glebionis coronaria",0.988
"363","Glechoma hederacea","Glechoma hederacea",0.988
"364","Glossostigma cleistanthum","Glossostigma cleistanthum",0.988
"365","Glyceria canadensis","Glyceria canadensis",0.988
"366","Glyceria declinata","Glyceria declinata",0.988
"367","Glyceria maxima","Glyceria maxima",0.988
"368","Glycosmis parviflora","Glycosmis parviflora",0.988
"369","Glyptoperichthys gibbiceps","Glyptoperichthys gibbiceps",0.988
"370","Gnaphalium calviceps","Gnaphalium calviceps",0.988
"371","Gnaphalium purpureum","Gnaphalium purpureum",0.988
"372","Gnaphalium supinum","Gnaphalium supinum",0.988
"373","Gnaphalium undulatum","Gnaphalium ustulatum",0.75
"374","Gomphrena globosa","Gomphrena globosa",0.988
"375","Goodyera repens","Goodyera repens",0.988
"376","Graptopetalum paraguayense","Graptopetalum",0.75
"377","Gratiola officinalis","Gratiola officinalis",0.988
"378","Groenlandia densa","Groenlandia densa",0.988
"379","Gymnocephalus cernuus","Gymnocephalus cernuus",0.988
"380","Gymnocoronis spilanthoides","Gymnocoronis spilanthoides",0.988
"381","Gypsophila muralis","Gypsophila muralis",0.988
"382","Gypsophila paniculata","Gypsophila paniculata",0.988
"383","Haminoea cyanomarginata","Haminoea",0.75
"384","Hedera colchica","Hedera colchica",0.988
"385","Hedera helix","Hedera helix",0.988
"386","Hedychium coccineum","Hedychium coccineum",0.988
"387","Hedychium coronarium","Hedychium coronarium",0.988
"388","Hedypnois cretica","Hedypnois cretica",0.988
"389","Helianthus annuus","Helianthus annuus",0.988
"390","Helianthus laetiflorus","Helianthus laetiflorus",0.988
"391","Helianthus subcanescens","Helianthus",0.75
"392","Helichrysum arenarium","Helichrysum arenarium",0.988
"393","Helichrysum orientale","Helichrysum",0.75
"394","Helicodiscus riparbellii","Helicodiscus",0.75
"395","Helicotylenchus multicinctus","Helicotylenchus multicinctus",0.988
"396","Helictotrichon pratense","Helictotrichon pratense",0.988
"397","Heliotropium curassavicum","Heliotropium curassavicum",0.988
"398","Heliotropium dolosum","Heliotropium",0.75
"399","Heliotropium indicum","Heliotropium indicum",0.988
"400","Helix cincta","Helix",0.75
"401","Helix nucula","Helix",0.75
"402","Hemerocallis yezoensis","Hemerocallis",0.75
"403","Hemibarbus maculatus","Hemibarbus maculatus",0.988
"404","Hemichromis fasciatus","Hemichromis fasciatus",0.988
"405","Hemiculter leucisculus","Hemiculter leucisculus",0.988
"406","Hemimysis anomala","Hemimysis anomala",0.988
"407","Herbstia nitida","Herbstia",0.75
"408","Heteranthera rotundifolia","Heteranthera rotundifolia",0.988
"409","Heteranthera zosterifolia","Heteranthera",0.75
"410","Heteropogon contortus","Heteropogon contortus",0.988
"411","Heuchera americana","Heuchera americana",0.988
"412","Hibiscus trionum","Hibiscus trionum",0.988
"413","Hieracium floribundum","Hieracium floribundum",0.988
"414","Hieracium koehleri","Hieracium",0.75
"415","Hieracium pannosum","Hieracium",0.75
"416","Hieracium piloselloides","Hieracium piloselloides",0.988
"417","Holcus mollis","Holcus mollis",0.988
"418","Holosteum umbellatum","Holosteum umbellatum",0.988
"419","Hordeum turkestanicum","Hordeum",0.75
"420","Hosta lancifolia","Hosta lancifolia",0.988
"421","Hovenia dulcis","Hovenia dulcis",0.988
"422","Howea belmoreana","Howea belmoreana",0.988
"423","Hydrilla verticillata","Hydrilla verticillata",0.988
"424","Hydrocharis morsus-ranae","Hydrocharis morsus-ranae",0.988
"425","Hydrocleys nymphoides","Hydrocleys nymphoides",0.988
"426","Hydrocotyle ramiflora","Hydrocotyle",0.75
"427","Hydroides homoceros","Hydroides",0.75
"428","Hydroides minax","Hydroides",0.75
"429","Hygrophila polysperma","Hygrophila polysperma",0.988
"430","Hylocereus undatus","Hylocereus undatus",0.988
"431","Hylotelephium carpaticum","Hylotelephium",0.75
"432","Hyoscyamus pallidus","Hyoscyamus",0.75
"433","Hyparrhenia hirta","Hyparrhenia hirta",0.988
"434","Hypericum androsaemum","Hypericum androsaemum",0.988
"435","Hypericum gymnanthum","Hypericum gymnanthum",0.988
"436","Hypericum perfoliatum","Hypericum perforatum",0.75
"437","Hypericum perfoliatum","Hypericum petiolatum",0.75
"438","Iberis semperflorens","Iberis sempervirens",0.75
"439","Iberis umbellata","Iberis umbellata",0.988
"440","Ictalurus furcatus","Ictalurus furcatus",0.988
"441","Ictalurus punctatus","Ictalurus punctatus",0.988
"442","Illecebrum verticillatum","Illecebrum verticillatum",0.988
"443","Impatiens balfourii","Impatiens balfourii",0.988
"444","Indigofera hirsuta","Indigofera hirsuta",0.988
"445","Inula conyzae","Inula conyzae",0.988
"446","Inula ensifolia","Inula",0.75
"447","Inula germanica","Inula",0.75
"448","Ionopsidium acaule","Ionopsidium acaule",0.988
"449","Ionopsidium albiflorum","Ionopsidium",0.75
"450","Ipheion uniflorum","Ipheion uniflorum",0.988
"451","Ipomoea aquatica","Ipomoea aquatica",0.988
"452","Ipomoea carnea subsp. fistulosa","Ipomoea carnea ssp. fistulosa",0.999
"453","Ipomoea purpurea","Ipomoea purpurea",0.988
"454","Iris chrysographes","Iris",0.75
"455","Iris foetidissima","Iris foetidissima",0.988
"456","Iris pseudoacorus","Iris pseudacorus",0.75
"457","Iris sibirica","Iris sibirica",0.988
"458","Iris spuria","Iris spuria",0.988
"459","Iris versicolor","Iris versicolor",0.988
"460","Ixa monodi","Ixa monodi",0.988
"461","Ixia campanulata","Ixia campanulata",0.988
"462","Jasminum multiflorum","Jasminum multiflorum",0.988
"463","Juncus articulatus","Juncus articulatus",0.988
"464","Juncus bufonius","Juncus bufonius",0.988
"465","Juncus compressus","Juncus compressus",0.988
"466","Juncus dudleyi","Juncus dudleyi",0.988
"467","Juncus ensifolius","Juncus ensifolius",0.988
"468","Juncus glaucus","Juncus glaucus",0.988
"469","Kickxia commutata","Kickxia",0.75
"470","Knautia macedonica","Knautia",0.75
"471","Kochia indica","Kochia",0.75
"472","Koeleria grandis","Koeleria",0.75
"473","Kyllinga gracillima","Kyllinga gracillima",0.988
"474","Lablab purpureus","Lablab purpureus",0.988
"475","Lactuca perennis","Lactuca",0.75
"476","Lagarosiphon major","Lagarosiphon major",0.988
"477","Lagerstroemia speciosa","Lagerstroemia speciosa",0.988
"478","Lamium confertum","Lamium confertum",0.988
"479","Lamium galeobdolon","Lamium galeobdolon",0.988
"480","Lamium hybridum","Lamium hybridum",0.988
"481","Lamium purpureum var. moluccellifolium","Lamium purpureum",0.988
"482","Lamyctes coeculus","Lamyctes coeculus",0.988
"483","Lamyctes emarginatus","Lamyctes emarginatus",0.988
"484","Lappula deflexa","Lappula deflexa",0.988
"485","Lathyrus japonicus","Lathyrus japonicus",0.988
"486","Lathyrus palustris","Lathyrus palustris",0.988
"487","Lathyrus setifolius","Lathyrus",0.75
"488","Lawsonia inermis","Lawsonia inermis",0.988
"489","Lemna aequinoctialis","Lemna aequinoctialis",0.988
"490","Lemna minuta","Lemna minuta",0.988
"491","Lepidium appelianum","Lepidium appelianum",0.988
"492","Lepidium didymum","Lepidium didymum",0.988
"493","Lepidium graminifolium","Lepidium graminifolium",0.988
"494","Lepidium heterophyllum","Lepidium heterophyllum",0.988
"495","Lepidium neglectum","Lepidium neglectum",0.988
"496","Lepidium pinnatifidum","Lepidium pinnatifidum",0.988
"497","Lepidium spinosum","Lepidium",0.75
"498","Lepidotheca suaveolens","Lepidotheca suaveolens",0.988
"499","Lepomis cyanellus","Lepomis cyanellus",0.988
"500","Lepomis gibbosus","Lepomis gibbosus",0.988
"501","Lepomis gulosus","Lepomis gulosus",0.988
"502","Lepomis macrochirus","Lepomis macrochirus",0.988
"503","Lepomis microlophus","Lepomis microlophus",0.988
"504","Leptochloa fusca","Leptochloa fusca",0.988
"505","Leucanthemella serotina","Leucanthemella serotina",0.988
"506","Leucaspius delineatus","Leucaspius delineatus",0.988
"507","Leuciscus leuciscus","Leuciscus leuciscus",0.988
"508","Leymus innovatus","Leymus innovatus",0.988
"509","Ligusticum scoticum","Ligusticum scoticum",0.988
"510","Ligustrum sinense","Ligustrum sinense",0.988
"511","Ligustrum vulgare","Ligustrum vulgare",0.988
"512","Lilium monadelphum","Lilium",0.75
"513","Limax flavus","Limax flavus",0.988
"514","Limnobium laevigatum","Limnobium laevigatum",0.988
"515","Limnomysis benedeni","Limnomysis benedeni",0.988
"516","Limnoperna fortunei","Limnoperna fortunei",0.988
"517","Limnophila chinensis","Limnophila",0.75
"518","Limonium meyeri","Limonium",0.75
"519","Limonium platyphyllum","Limonium",0.75
"520","Limosella aquatica","Limosella aquatica",0.988
"521","Linaria arvensis","Linaria arvensis",0.988
"522","Linaria caesia","Linaria",0.75
"523","Linaria canadensis","Linaria canadensis",0.988
"524","Linaria chalepensis","Linaria",0.75
"525","Linaria genistifolia","Linaria genistifolia",0.988
"526","Linaria purpurea","Linaria purpurea",0.988
"527","Linaria supina","Linaria supina",0.988
"528","Linum virginianum","Linum virginianum",0.988
"529","Liriope muscari","Liriope muscari",0.988
"530","Liriope spicata","Liriope spicata",0.988
"531","Litopenaeus vannamei","Litopenaeus vannamei",0.988
"532","Lobelia pedunculata","Lobelia",0.75
"533","Lobelia siphilitica","Lobelia siphilitica",0.988
"534","Lobelia urens","Lobelia",0.75
"535","Lonicera alpigena","Lonicera alpigena",0.988
"536","Lonicera japonica","Lonicera japonica",0.988
"537","Lopezia racemosa","Lopezia racemosa",0.988
"538","Lotus cytisoides","Lotus cytisoides",0.988
"539","Lotus unifoliolatus","Lotus unifoliolatus",0.988
"540","Lucilla singleyana","Lucilla",0.75
"541","Ludwigia alternifolia","Ludwigia alternifolia",0.988
"542","Ludwigia grandiflora","Ludwigia grandiflora",0.988
"543","Ludwigia peploides","Ludwigia peploides",0.988
"544","Lupinus perennis","Lupinus perennis",0.988
"545","Lupinus plattensis","Lupinus plattensis",0.988
"546","Luzula campestris","Luzula campestris",0.988
"547","Luzula multiflora","Luzula multiflora",0.988
"548","Luzula pallidula","Luzula pallidula",0.988
"549","Lysichiton americanus","Lysichiton americanus",0.988
"550","Lysichiton camtschatcensis","Lysichiton camtschatcensis",0.988
"551","Lysimachia atropurpurea","Lysimachia",0.75
"552","Lysimachia ciliata","Lysimachia ciliata",0.988
"553","Lysimachia nummularia","Lysimachia nummularia",0.988
"554","Lythrum borysthenicum","Lythrum",0.75
"555","Lythrum hyssopifolium","Lythrum hyssopifolium",0.988
"556","Lythrum junceum","Lythrum",0.75
"557","Lythrum portula","Lythrum portula",0.988
"558","Lythrum virgatum","Lythrum virgatum",0.988
"559","Lythrum volgense","Lythrum",0.75
"560","Macaca mulatta","Macaca mulatta",0.988
"561","Macrobrachium rosenbergii","Macrobrachium rosenbergii",0.988
"562","Maianthemum stellatum","Maianthemum stellatum",0.988
"563","Malcolmia chia","Malcolmia",0.75
"564","Malcolmia orsiniana","Malcolmia",0.75
"565","Malva ambigua","Malva",0.75
"566","Malva erecta","Malva",0.75
"567","Malva moschata","Malva moschata",0.988
"568","Malva sinensis","Malva",0.75
"569","Malva sylvestris","Malva sylvestris",0.988
"570","Malvella sherardiana","Malvella",0.75
"571","Maranta arundinacea","Maranta arundinacea",0.988
"572","Marisa cornuarietis","Marisa cornuarietis",0.988
"573","Marsilea minuta","Marsilea minuta",0.988
"574","Martynia annua","Martynia annua",0.988
"575","Matteuccia struthiopteris","Matteuccia struthiopteris",0.988
"576","Matthiola longipetala","Matthiola longipetala",0.988
"577","Matthiola lunata","Matthiola",0.75
"578","Medicago caerulea","Medicago",0.75
"579","Medicago cancellata","Medicago",0.75
"580","Medicago coronata","Medicago",0.75
"581","Medicago fischeriana","Medicago",0.75
"582","Medicago glandulosa","Medicago",0.75
"583","Medicago italica","Medicago italica",0.988
"584","Medicago monspeliaca","Medicago monspeliaca",0.988
"585","Medicago murex","Medicago murex",0.988
"586","Medicago orthoceras","Medicago",0.75
"587","Medicago polymorpha","Medicago polymorpha",0.988
"588","Medicago rigidula","Medicago rigidula",0.988
"589","Melanoides tuberculata","Melanoides tuberculata",0.988
"590","Melastoma malabathricum","Melastoma malabathricum",0.988
"591","Meloidogyne arenaria","Meloidogyne",0.75
"592","Meloidogyne graminicola","Meloidogyne",0.75
"593","Meloidogyne hapla","Meloidogyne hapla",0.988
"594","Meloidogyne javanica","Meloidogyne",0.75
"595","Mentha aquatica","Mentha aquatica",0.988
"596","Mentha gentilis","Mentha gentilis",0.988
"597","Mentha micrantha","Mentha",0.75
"598","Merremia aegyptia","Merremia aegyptia",0.988
"599","Mesembryanthemum purpureocroceum","Mesembryanthemum",0.75
"600","Metaxia bacillum","Metaxia",0.75
"601","Micropercops cinctus","Micropercops cinctus",0.988
"602","Micropterus dolomieu","Micropterus dolomieu",0.988
"603","Micropterus salmoides","Micropterus salmoides",0.988
"604","Microthlaspi perfoliatum","Microthlaspi perfoliatum",0.988
"605","Mikania scandens","Mikania scandens",0.988
"606","Milax nigricans","Milax",0.75
"607","Mimosa pudica","Mimosa pudica",0.988
"608","Mimulus moschatus","Mimulus moschatus",0.988
"609","Minuartia hybrida","Minuartia hybrida",0.988
"610","Minuartia viscosa","Minuartia",0.75
"611","Mirabilis jalapa","Mirabilis jalapa",0.988
"612","Miscanthus sinensis","Miscanthus sinensis",0.988
"613","Misgurnus anguillicaudatus","Misgurnus anguillicaudatus",0.988
"614","Misopates orontium","Misopates orontium",0.988
"615","Moenchia mantica","Moenchia",0.75
"616","Momordica charantia","Momordica charantia",0.988
"617","Monotaxis grandoculis","Monotaxis grandoculis",0.988
"618","Montia fontana","Montia fontana",0.988
"619","Montia sibirica","Montia sibirica",0.988
"620","Monticellina dorsobranchialis","Monticellina dorsobranchialis",0.988
"621","Morinda citrifolia","Morinda citrifolia",0.988
"622","Mosla dianthera","Mosla dianthera",0.988
"623","Mucuna pruriens","Mucuna pruriens",0.988
"624","Muhlenbergia frondosa","Muhlenbergia frondosa",0.988
"625","Murdannia nudiflora","Murdannia nudiflora",0.988
"626","Muscari azureum","Muscari",0.75
"627","Mussaenda philippica","Mussaenda philippica",0.988
"628","Mycelis muralis","Mycelis muralis",0.988
"629","Myosotis arvensis","Myosotis arvensis",0.988
"630","Myosotis ramosissima","Myosotis ramosissima",0.988
"631","Myriophyllum aquaticum","Myriophyllum aquaticum",0.988
"632","Myriophyllum heterophyllum","Myriophyllum heterophyllum",0.988
"633","Myriophyllum spicatum","Myriophyllum spicatum",0.988
"634","Mysis relicta","Mysis relicta",0.988
"635","Mytilopsis sallei","Mytilopsis sallei",0.988
"636","Najas gracillima","Najas gracillima",0.988
"637","Najas orientalis","Najas",0.75
"638","Narcissus asturiensis","Narcissus",0.75
"639","Nassella neesiana","Nassella neesiana",0.988
"640","Nasturtium microphyllum","Nasturtium microphyllum",0.988
"641","Nasturtium sterile","Nasturtium sterile",0.988
"642","Nemipterus randalli","Nemipterus randalli",0.988
"643","Neogobius fluviatilis","Neogobius fluviatilis",0.988
"644","Neogobius melanostomus","Neogobius melanostomus",0.988
"645","Neosiphonia paniculata","Neosiphonia",0.75
"646","Nepeta amoena","Nepeta",0.75
"647","Nepeta faassenii","Nepeta",0.75
"648","Nepeta racemosa","Nepeta racemosa",0.988
"649","Nepeta sibirica","Nepeta",0.75
"650","Nephrolepis brownii","Nephrolepis brownii",0.988
"651","Neptunea arthritica","Neptunea",0.75
"652","Neyraudia reynaudiana","Neyraudia reynaudiana",0.988
"653","Nicandra physalodes","Nicandra physalodes",0.988
"654","Nicotiana tabacum","Nicotiana tabacum",0.988
"655","Nigella segetalis","Nigella",0.75
"656","Nonea echioides","Nonea",0.75
"657","Nopalea dejecta","Nopalea dejecta",0.988
"658","Nothoscordum bivalve","Nothoscordum bivalve",0.988
"659","Nothoscordum x borbonicum","Nothoscordum borbonicum",0.988
"660","Nuphar japonica","Nuphar",0.75
"661","Nuphar pumila","Nuphar pumila",0.988
"662","Nymphaea lotus","Nymphaea lotus",0.988
"663","Nymphaea rubra","Nymphaea",0.75
"664","Nymphaea tetragona","Nymphaea tetragona",0.988
"665","Nymphoides peltata","Nymphoides peltata",0.988
"666","Obama nungara","Obama",0.75
"667","Odontites verna","Odontites",0.75
"668","Odontites vulgaris","Odontites vulgaris",0.988
"669","Oenothera acutifolia","Oenothera",0.75
"670","Oenothera adriatica","Oenothera",0.75
"671","Oenothera fallacoides","Oenothera",0.75
"672","Oenothera fallax","Oenothera",0.75
"673","Oenothera flava","Oenothera flava",0.988
"674","Oenothera hoelscheri","Oenothera",0.75
"675","Oenothera issleri","Oenothera",0.75
"676","Oenothera jueterbogensis","Oenothera",0.75
"677","Oenothera paradoxa","Oenothera",0.75
"678","Oenothera parviflora","Oenothera parviflora",0.988
"679","Oenothera pedemontana","Oenothera",0.75
"680","Oenothera sesitensis","Oenothera",0.75
"681","Oenothera stucchii","Oenothera",0.75
"682","Oenothera victorinii","Oenothera victorinii",0.988
"683","Oenothera x albipercurva","Oenothera",0.75
"684","Oenothera x drawertii","Oenothera",0.75
"685","Oldenlandia capensis","Oldenlandia",0.75
"686","Omobranchus punctatus","Omobranchus punctatus",0.988
"687","Oncorhynchus tshawytscha","Oncorhynchus tshawytscha",0.988
"688","Ondatra zibethicus","Ondatra zibethicus",0.988
"689","Ononis natrix","Ononis natrix",0.988
"690","Onopordum bracteatum","Onopordum",0.75
"691","Onopordum nervosum","Onopordum",0.75
"692","Opeas pumilum","Opeas pumilum",0.988
"693","Ophrys insectifera","Ophrys insectifera",0.988
"694","Opuntia ficus-indica","Opuntia ficus-indica",0.988
"695","Opuntia humifusa","Opuntia humifusa",0.988
"696","Opuntia macrorhiza","Opuntia macrorhiza",0.988
"697","Oreochromis aureus","Oreochromis aureus",0.988
"698","Oreochromis mossambicus","Oreochromis mossambicus",0.988
"699","Oreochromis niloticus","Oreochromis niloticus",0.988
"700","Origanum onites","Origanum onites",0.988
"701","Ornithogalum divergens","Ornithogalum",0.75
"702","Ornithopus compressus","Ornithopus compressus",0.988
"703","Orobanche coerulescens","Orobanche",0.75
"704","Orobanche crenata","Orobanche crenata",0.988
"705","Orobanche gracilis","Orobanche",0.75
"706","Orobanche hederae","Orobanche hederae",0.988
"707","Orobanche lavandulacea","Orobanche",0.75
"708","Orobanche lucorum","Orobanche",0.75
"709","Orobanche pubescens","Orobanche",0.75
"710","Orontium aquaticum","Orontium aquaticum",0.988
"711","Oryza barthii","Oryza barthii",0.988
"712","Oryza rufipogon","Oryza rufipogon",0.988
"713","Osmerus eperlanus","Osmerus eperlanus",0.988
"714","Osteospermum jucundum","Osteospermum",0.75
"715","Oxalis articulata","Oxalis articulata",0.988
"716","Oxalis dillenii","Oxalis dillenii",0.988
"717","Oxalis latifolia","Oxalis latifolia",0.988
"718","Oxalis pes-caprae","Oxalis pes-caprae",0.988
"719","Oxalis triangularis","Oxalis triangularis",0.988
"720","Oxalis variabilis","Oxalis",0.75
"721","Oxychilus cellarius","Oxychilus cellarius",0.988
"722","Oxychilus cyprius","Oxychilus",0.75
"723","Oxychilus translucidus","Oxychilus",0.75
"724","Oxynoe viridis","Oxynoe",0.75
"725","Pachira aquatica","Pachira aquatica",0.988
"726","Pacifastacus leniusculus","Pacifastacus leniusculus",0.988
"727","Pacifastacus trowbridgii","Pacifastacus trowbridgi",0.75
"728","Paederia foetida","Paederia foetida",0.988
"729","Paeonia mascula","Paeonia mascula",0.988
"730","Palaemon longirostris","Palaemon longirostris",0.988
"731","Panicum obtusum","Panicum obtusum",0.988
"732","Panicum philadelphicum","Panicum philadelphicum",0.988
"733","Papaver hybridum","Papaver hybridum",0.988
"734","Papaver pinnatifidum","Papaver",0.75
"735","Papaver pseudoorientale","Papaver pseudoorientale",0.988
"736","Papaver radicatum","Papaver radicatum",0.988
"737","Parablennius thysanius","Parablennius thysanius",0.988
"738","Paramysis baeri","Paramysis baeri",0.988
"739","Parapholis strigosa","Parapholis strigosa",0.988
"740","Parexocoetus mento","Parexocoetus mento",0.988
"741","Parietaria erecta","Parietaria",0.75
"742","Parietaria judaica","Parietaria judaica",0.988
"743","Parietaria lusitanica","Parietaria",0.75
"744","Parietaria pensylvanica","Parietaria pensylvanica",0.988
"745","Paronychia kapela","Paronychia",0.75
"746","Parthenocissus vitacea","Parthenocissus vitacea",0.988
"747","Paspalidium geminatum","Paspalidium geminatum",0.988
"748","Paspalum conjugatum","Paspalum conjugatum",0.988
"749","Paspalum dilatatum","Paspalum dilatatum",0.988
"750","Paspalum distichum","Paspalum distichum",0.988
"751","Paspalum notatum","Paspalum notatum",0.988
"752","Paspalum scrobiculatum","Paspalum scrobiculatum",0.988
"753","Paspalum urvillei","Paspalum urvillei",0.988
"754","Paspalum vaginatum","Paspalum vaginatum",0.988
"755","Passiflora tripartita var. mollissima","Passiflora tripartita var. mollissima",0.999
"756","Pastinaca umbrosa","Pastinaca",0.75
"757","Penaeus hathor","Penaeus hathor",0.988
"758","Penaeus monodon","Penaeus monodon",0.988
"759","Pennisetum purpureum","Pennisetum purpureum",0.988
"760","Pentaglottis sempervirens","Pentaglottis sempervirens",0.988
"761","Pentas lanceolata","Pentas lanceolata",0.988
"762","Perca fluviatilis","Perca fluviatilis",0.988
"763","Perccottus glenii","Perccottus glenii",0.988
"764","Pericallis hybrida","Pericallis hybrida",0.988
"765","Persicaria wallichii","Persicaria wallichii",0.988
"766","Petasites fragrans","Petasites",0.75
"767","Petrorhagia prolifera","Petrorhagia prolifera",0.988
"768","Petroselinum segetum","Petroselinum segetum",0.988
"769","Peucedanum austriacum","Peucedanum",0.75
"770","Peucedanum ostruthium","Peucedanum ostruthium",0.988
"771","Peucedanum verticillare","Peucedanum",0.75
"772","Phacelia ciliata","Phacelia ciliata",0.988
"773","Phedimus aizoon","Phedimus aizoon",0.988
"774","Philadelphus pubescens","Philadelphus pubescens",0.988
"775","Phormium tenax","Phormium tenax",0.988
"776","Phoxinus phoxinus","Phoxinus phoxinus",0.988
"777","Phyllostachys nigra","Phyllostachys nigra",0.988
"778","Physalis angulata","Physalis angulata",0.988
"779","Physalis ixocarpa","Physalis ixocarpa",0.988
"780","Physalis longifolia","Physalis longifolia",0.988
"781","Physalis virginiana var. sonorae","Physalis virginiana var. sonorae",0.999
"782","Phyteuma scheuchzeri","Phyteuma",0.75
"783","Piaractus brachypomus","Piaractus brachypomus",0.988
"784","Picris pauciflora","Picris pauciflora",0.988
"785","Picris sprengerana","Picris sprengeriana",0.75
"786","Pimephales promelas","Pimephales promelas",0.988
"787","Pimpinella cretica","Pimpinella",0.75
"788","Pimpinella major","Pimpinella major",0.988
"789","Pimpinella peregrina","Pimpinella",0.75
"790","Pimpinella saxifraga","Pimpinella saxifraga",0.988
"791","Pinguicula crystallina","Pinguicula",0.75
"792","Pinguicula grandiflora","Pinguicula",0.75
"793","Pistia stratiotes","Pistia stratiotes",0.988
"794","Plantago alpina","Plantago",0.75
"795","Plantago bellardii","Plantago",0.75
"796","Plantago holosteum","Plantago",0.75
"797","Plantago patagonica","Plantago patagonica",0.988
"798","Plantago serpentina","Plantago",0.75
"799","Pleuraphis jamesii","Pleuraphis jamesii",0.988
"800","Plocamopherus ocellatus","Plocamopherus",0.75
"801","Poa angustifolia","Poa angustifolia",0.988
"802","Poa jubata","Poa",0.75
"803","Poa supina","Poa supina",0.988
"804","Poa trivialis","Poa trivialis",0.988
"805","Poecilia latipinna","Poecilia latipinna",0.988
"806","Poecilia reticulata","Poecilia reticulata",0.988
"807","Polycarpon tetraphyllum subsp. diphyllum","Polycarpon tetraphyllum",0.988
"808","Polydora cornuta","Polydora cornuta",0.988
"809","Polygonatum hirtum","Polygonatum hirtum",0.988
"810","Polygonum alpinum","Polygonum alpinum",0.988
"811","Polygonum arenarium","Polygonum arenarium",0.988
"812","Polygonum bistorta","Polygonum bistorta",0.988
"813","Polygonum capitatum","Polygonum capitatum",0.988
"814","Polygonum cognatum","Polygonum",0.75
"815","Polygonum hydropiper","Polygonum hydropiper",0.988
"816","Polygonum lapathifolium","Polygonum lapathifolium",0.988
"817","Polygonum nepalense","Polygonum nepalense",0.988
"818","Polygonum plebeium","Polygonum plebeium",0.988
"819","Polygonum propinquum","Polygonum",0.75
"820","Polygonum ramosissimum","Polygonum ramosissimum",0.988
"821","Polygonum weyrichii","Polygonum",0.75
"822","Polypogon monspeliensis","Polypogon monspeliensis",0.988
"823","Polysiphonia fucoides","Polysiphonia fucoides",0.988
"824","Polysiphonia morrowii","Polysiphonia",0.75
"825","Pomacea bridgesii","Pomacea bridgesii",0.988
"826","Pomacea canaliculata","Pomacea canaliculata",0.988
"827","Pomacea maculata","Pomacea",0.75
"828","Pomoxis annularis","Pomoxis annularis",0.988
"829","Pomoxis nigromaculatus","Pomoxis nigromaculatus",0.988
"830","Pontederia cordata","Pontederia cordata",0.988
"831","Potamocorbula amurensis","Potamocorbula amurensis",0.988
"832","Potamogeton compressus","Potamogeton compressus",0.988
"833","Potamogeton crispus","Potamogeton crispus",0.988
"834","Potamogeton trichoides","Potamogeton trichoides",0.988
"835","Potamopyrgus antipodarum","Potamopyrgus antipodarum",0.988
"836","Potamothrix bavaricus","Potamothrix bavaricus",0.988
"837","Potamothrix heuscheri","Potamothrix",0.75
"838","Potamothrix vejdovskyi","Potamothrix vejdovskyi",0.988
"839","Potentilla goldbachii","Potentilla goldbachii",0.988
"840","Potentilla intermedia","Potentilla intermedia",0.988
"841","Potentilla micrantha","Potentilla",0.75
"842","Potentilla neumanniana","Potentilla neumanniana",0.988
"843","Potentilla pensylvanica","Potentilla pensylvanica",0.988
"844","Potentilla rupestris","Potentilla rupestris",0.988
"845","Potentilla subarenaria","Potentilla",0.75
"846","Potentilla supina","Potentilla supina",0.988
"847","Potentilla supina subsp. paradoxa","Potentilla supina ssp. paradoxa",0.999
"848","Potentilla supina subsp. paradoxa","Potentilla supina var. paradoxa",0.999
"849","Potentilla supina subsp. paradoxa","Potentilla supina subsp. paradoxa",0.999
"850","Potentilla supina var. ternata","Potentilla supina",0.988
"851","Pratylenchus coffeae","Pratylenchus",0.75
"852","Pratylenchus goodeyi","Paratylenchus goodeyi",0.75
"853","Primula elatior","Primula elatior",0.988
"854","Primula florindae","Primula",0.75
"855","Primula juliae","Primula",0.75
"856","Prionospio saccifera","Prionospio saccifera",0.988
"857","Proasellus coxalis","Proasellus coxalis",0.988
"858","Procambarus acutus acutus","Procambarus acutus acutus",0.999
"859","Procambarus clarkii","Procambarus clarkii",0.988
"860","Procambarus fallax f. virginalis","Procambarus fallax",0.988
"861","Prosopis juliflora","Prosopis juliflora",0.988
"862","Prunella laciniata","Prunella laciniata",0.988
"863","Prymnesium parvum","Prymnesium parvum",0.988
"864","Psammoryctides moravicus","Psammoryctides",0.75
"865","Pseudopolydora paucibranchiata","Pseudopolydora paucibranchiata",0.988
"866","Pseudorasbora parva","Pseudorasbora parva",0.988
"867","Psidium cattleianum","Psidium cattleianum",0.988
"868","Psidium guajava","Psidium guajava",0.988
"869","Pteria hirundo","Pteria hirundo",0.988
"870","Puccinellia dolicholepis","Puccinellia",0.75
"871","Puccinellia gigantea","Puccinellia",0.75
"872","Puccinellia hauptiana","Puccinellia hauptiana",0.988
"873","Puccinellia nuttalliana","Puccinellia nuttalliana",0.988
"874","Puccinellia poecilantha","Puccinellia",0.75
"875","Pulicaria dysenterica","Pulicaria dysenterica",0.988
"876","Pulsatilla vulgaris","Pulsatilla vulgaris",0.988
"877","Pycnanthemum pilosum","Pycnanthemum pilosum",0.988
"878","Radopholus similis","Radopholus similis",0.988
"879","Ranunculus gramineus","Ranunculus gramineus",0.988
"880","Ranunculus lateriflorus","Ranunculus",0.75
"881","Ranunculus pedatus","Ranunculus peltatus",0.75
"882","Ranunculus polyanthemos","Ranunculus polyanthemos",0.988
"883","Ranunculus psilostachys","Ranunculus",0.75
"884","Raphanus sativus","Raphanus sativus",0.988
"885","Reseda alba","Reseda alba",0.988
"886","Reseda inodora","Reseda",0.75
"887","Reseda luteola","Reseda luteola",0.988
"888","Retama monosperma","Retama monosperma",0.988
"889","Rhinanthus apterus","Rhinanthus",0.75
"890","Rhinanthus major","Rhinanthus major",0.988
"891","Rhinoclavis kochi","Rhinoclavis kochi",0.988
"892","Rhithropanopeus harrisii","Rhithropanopeus harrisii",0.988
"893","Rhodanthe manglesii","Rhodanthe",0.75
"894","Rhodeus ocellatus ocellatus","Rhodeus ocellatus",0.988
"895","Rhododendron mucronatum","Rhododendron",0.75
"896","Rhodomyrtus tomentosa","Rhodomyrtus tomentosa",0.988
"897","Ricinus communis","Ricinus communis",0.988
"898","Rissoina ambigua","Rissoina",0.75
"899","Rodgersia pinnata","Rodgersia",0.75
"900","Rorippa austriaca","Rorippa austriaca",0.988
"901","Rorippa curvisiliqua","Rorippa curvisiliqua",0.988
"902","Rosa arvensis","Rosa arvensis",0.988
"903","Rosa carolina","Rosa carolina",0.988
"904","Rosa ferruginea","Rosa ferruginea",0.988
"905","Rosa micrantha","Rosa micrantha",0.988
"906","Rosa setigera","Rosa setigera",0.988
"907","Rosa wichuraiana","Rosa wichuraiana",0.988
"908","Rotala filiformis","Rotala",0.75
"909","Rotala ramosior","Rotala ramosior",0.988
"910","Rubia iberica","Rubia",0.75
"911","Rubus cockburnianus","Rubus cockburnianus",0.988
"912","Rubus fabrimontanus","Rubus",0.75
"913","Rubus fruticosus","Rubus fruticosus",0.988
"914","Rubus gratus","Rubus",0.75
"915","Rubus loehrii","Rubus",0.75
"916","Rubus nemorosus","Rubus",0.75
"917","Rubus senticosus","Rubus",0.75
"918","Rubus siekensis","Rubus",0.75
"919","Rudbeckia triloba","Rudbeckia triloba",0.988
"920","Rumex brownii","Rumex brownii",0.988
"921","Rumex bucephalophorus","Rumex bucephalophorus",0.988
"922","Rumex confertus","Rumex confertus",0.988
"923","Rumex crispus","Rumex crispus",0.988
"924","Rumex cristatus subsp. kerneri","Rumex cristatus",0.988
"925","Rumex larrinii","Rumex",0.75
"926","Rumex lunaria","Rumex",0.75
"927","Rumex obovatus","Rumex obovatus",0.988
"928","Rumex pseudoalpinus","Rumex",0.75
"929","Rumex thyrsiflorus","Rumex thyrsiflorus",0.988
"930","Rumex vesicarius","Rumex vesicarius",0.988
"931","Saccostrea cucullata","Saccostrea cuccullata",0.75
"932","Sagina micropetala","Sagina",0.75
"933","Sagina sabuletorum","Sagina",0.75
"934","Sagina saginoides","Sagina saginoides",0.988
"935","Sagittaria lancifolia","Sagittaria lancifolia",0.988
"936","Sagittaria platyphylla","Sagittaria platyphylla",0.988
"937","Sagittaria sagittifolia","Sagittaria sagittifolia",0.988
"938","Sagittaria subulata","Sagittaria subulata",0.988
"939","Salicornia europaea","Salicornia europaea",0.988
"940","Salix eleagnos","Salix eleagnos",0.988
"941","Salmo salar","Salmo salar",0.988
"942","Salpichroa origanifolia","Salpichroa origanifolia",0.988
"943","Salsola collina","Salsola collina",0.988
"944","Salsola kali","Salsola kali",0.988
"945","Salsola soda","Salsola soda",0.988
"946","Salvelinus namaycush","Salvelinus namaycush",0.988
"947","Salvia amplexicaulis","Salvia",0.75
"948","Salvia austriaca","Salvia",0.75
"949","Salvia pinnata","Salvia pinnata",0.988
"950","Salvia verticillata","Salvia verticillata",0.988
"951","Salvia viridis","Salvia viridis",0.988
"952","Salvinia auriculata","Salvinia auriculata",0.988
"953","Salvinia minima","Salvinia minima",0.988
"954","Salvinia molesta","Salvinia molesta",0.988
"955","Samolus valerandi","Samolus valerandi",0.988
"956","Sander lucioperca","Sander lucioperca",0.988
"957","Sander vitreus","Sander vitreus",0.988
"958","Sanguisorba dodecandra","Sanguisorba dodecandra",0.988
"959","Sanguisorba officinalis","Sanguisorba officinalis",0.988
"960","Sanguisorba x tenuifolia","Sanguisorba tenuifolia",0.988
"961","Santolina rosmarinifolia","Santolina rosmarinifolia",0.988
"962","Sarracenia flava x purpurea","Sarracenia flava",0.988
"963","Satureja montana","Satureja montana",0.988
"964","Saurida undosquamis","Saurida undosquamis",0.988
"965","Saxifraga granulata","Saxifraga granulata",0.988
"966","Saxifraga hirsuta","Saxifraga hirsuta",0.988
"967","Saxifraga rosacea","Saxifraga rosacea",0.988
"968","Saxifraga sibthorpii","Saxifraga sibthorpii",0.988
"969","Saxifraga umbrosa","Saxifraga umbrosa",0.988
"970","Scabiosa ochroleuca","Scabiosa ochroleuca",0.988
"971","Scandix australis","Scandix",0.75
"972","Scardinius erythrophthalmus","Scardinius erythrophthalmus",0.988
"973","Schinus terebinthifolius","Schinus terebinthifolius",0.988
"974","Schismus barbatus","Schismus barbatus",0.988
"975","Schkuhria pinnata","Schkuhria pinnata",0.988
"976","Schoenoplectus litoralis subsp. thermalis","Schoenoplectus litoralis",0.988
"977","Schoenus ferrugineus","Schoenus ferrugineus",0.988
"978","Scilla peruviana","Scilla",0.75
"979","Scirpus atrovirens","Scirpus atrovirens",0.988
"980","Scirpus cyperinus","Scirpus cyperinus",0.988
"981","Scleranthus perennis","Scleranthus perennis",0.988
"982","Scolymus hispanicus","Scolymus hispanicus",0.988
"983","Scopolia carniolica","Scopolia carniolica",0.988
"984","Scorpiurus muricatus","Scorpiurus muricatus",0.988
"985","Scrophularia auriculata","Scrophularia auriculata",0.988
"986","Scrophularia canina","Scrophularia canina",0.988
"987","Scrophularia chrysantha","Scrophularia",0.75
"988","Scrophularia scopolii","Scrophularia",0.75
"989","Scrophularia scorodonia","Scrophularia",0.75
"990","Scutellaria minor","Scutellaria minor",0.988
"991","Secale montanum","Secale montanum",0.988
"992","Secale sylvestre","Secale",0.75
"993","Securigera securidaca","Securigera securidaca",0.988
"994","Sedum album","Sedum album",0.988
"995","Sedum gracile","Sedum",0.75
"996","Sedum kamtschaticum","Sedum kamtschaticum",0.988
"997","Sedum lydium","Sedum",0.75
"998","Sedum montanum","Sedum",0.75
"999","Sedum reflexum","Sedum reflexum",0.988
"1000","Selinum silaifolium","Selinum",0.75
"1001","Sempervivum arachnoideum","Sempervivum",0.75
"1002","Senecio cannabifolius","Senecio cannabifolius",0.988
"1003","Senecio dubitabilis","Senecio",0.75
"1004","Senecio erucifolius","Senecio erucifolius",0.988
"1005","Senecio sarracenicus","Senecio",0.75
"1006","Senecio squalidus","Senecio squalidus",0.988
"1007","Senecio squalidus subsp. rupestris","Senecio squalidus",0.988
"1008","Senecio sylvaticus","Senecio sylvaticus",0.988
"1009","Septifer cumingii","Septifer",0.75
"1010","Serratula quinquefolia","Serratula",0.75
"1011","Sesbania cannabina","Sesbania cannabina",0.988
"1012","Sesbania herbacea","Sesbania herbacea",0.988
"1013","Seseli libanotis","Seseli libanotis",0.988
"1014","Seseli pallasii","Seseli",0.75
"1015","Sesleria caerulea","Sesleria caerulea",0.988
"1016","Sidalcea malviflora","Sidalcea malviflora",0.988
"1017","Sigesbeckia serrata","Sigesbeckia",0.75
"1018","Silene antirrhina","Silene antirrhina",0.988
"1019","Silene fimbriata","Silene fimbriata",0.988
"1020","Silene flavescens","Silene",0.75
"1021","Silene multifida","Silene",0.75
"1022","Silene muscipula","Silene",0.75
"1023","Silene pendula","Silene pendula",0.988
"1024","Silene sibirica","Silene sibirica",0.988
"1025","Silene subconica","Silene",0.75
"1026","Silene tatarica","Silene",0.75
"1027","Silene vulgaris","Silene vulgaris",0.988
"1028","Silurus asotus","Silurus",0.75
"1029","Silurus glanis","Silurus glanis",0.988
"1030","Sinapis arvensis","Sinapis arvensis",0.988
"1031","Siphonaria belcheri","Siphonaria",0.75
"1032","Sisymbrium confertum","Sisymbrium",0.75
"1033","Sisymbrium irio","Sisymbrium irio",0.988
"1034","Sisymbrium luteum","Sisymbrium",0.75
"1035","Sisymbrium polymorphum","Sisymbrium",0.75
"1036","Sisymbrium strictissimum","Sisymbrium",0.75
"1037","Sisymbrium volgense","Sisymbrium",0.75
"1038","Sisyrinchium angustifolium","Sisyrinchium angustifolium",0.988
"1039","Sisyrinchium montanum","Sisyrinchium montanum",0.988
"1040","Smaragdia souverbiana","Smaragdia souverbiana",0.988
"1041","Smelowskia calycina","Smelowskia calycina",0.988
"1042","Smilacina stellata","Smilacina stellata",0.988
"1043","Solanum alatum","Solanum alatum",0.988
"1044","Solanum americanum","Solanum americanum",0.988
"1045","Solanum chenopodioides","Solanum chenopodioides",0.988
"1046","Solanum decipiens","Solanum",0.75
"1047","Solanum humile","Solanum humile",0.988
"1048","Solanum luteum","Solanum luteum",0.988
"1049","Solanum nigrum","Solanum nigrum",0.988
"1050","Solanum rostratum","Solanum rostratum",0.988
"1051","Solanum tenuifolium","Solanum ternifolium",0.75
"1052","Solanum tenuifolium","Solanum trifolium",0.75
"1053","Solanum torvum","Solanum torvum",0.988
"1054","Solanum tuberosum","Solanum tuberosum",0.988
"1055","Solanum viarum","Solanum viarum",0.988
"1056","Solidago rugosa","Solidago rugosa",0.988
"1057","Solidago x niederederi","Solidago",0.75
"1058","Sonchus arvensis","Sonchus arvensis",0.988
"1059","Sonchus wightianus","Sonchus",0.75
"1060","Sophora jaubertii","Sophora",0.75
"1061","Spartium junceum","Spartium junceum",0.988
"1062","Spergula morisonii","Spergula morisonii",0.988
"1063","Spergularia marina","Spergularia marina",0.988
"1064","Spergularia rubra","Spergularia rubra",0.988
"1065","Sphaeralcea miniata","Sphaeralcea miniata",0.988
"1066","Sphaerophysa salsula","Sphaerophysa salsula",0.988
"1067","Sphenoclea zeylanica","Sphenoclea zeylanica",0.988
"1068","Sphoeroides marmoratus","Sphoeroides marmoratus",0.988
"1069","Spinacia turkestanica","Spinacia",0.75
"1070","Spirobranchus kraussii","Spirobranchus",0.75
"1071","Spirorbis marioni","Spirorbis marioni",0.988
"1072","Spondylus spinosus","Spondylus",0.75
"1073","Squalius cephalus","Squalius cephalus",0.988
"1074","Stachys byzantina","Stachys byzantina",0.988
"1075","Stachys cretica","Stachys cretica",0.988
"1076","Stachys macrantha","Stachys macrantha",0.988
"1077","Stachys officinalis","Stachys officinalis",0.988
"1078","Stachytarpheta jamaicensis","Stachytarpheta jamaicensis",0.988
"1079","Stellaria cupaniana","Stellaria",0.75
"1080","Stellaria hebecalyx","Stellaria",0.75
"1081","Stenotaphrum secundatum","Stenotaphrum secundatum",0.988
"1082","Stipa capensis","Stipa capensis",0.988
"1083","Striga densiflora","Striga densiflora",0.988
"1084","Strombus persicus","Strombus persicus",0.988
"1085","Suaeda acuminata","Suaeda",0.75
"1086","Symphytum asperum","Symphytum asperum",0.988
"1087","Symphytum tauricum","Symphytum",0.75
"1088","Synagrops japonicus","Synagrops japonicus",0.988
"1089","Syrnola fasciata","Syrnola",0.75
"1090","Tagetes erecta","Tagetes erecta",0.988
"1091","Tagetes minuta","Tagetes minuta",0.988
"1092","Tagetes tenuifolia","Tagetes tenuifolia",0.988
"1093","Talipariti tiliaceum","Talipariti tiliaceum",0.988
"1094","Tanacetum balsamita","Tanacetum balsamita",0.988
"1095","Tandonia sowerbyi","Tandonia sowerbyi",0.988
"1096","Taraxacum laevigatum","Taraxacum laevigatum",0.988
"1097","Tectona grandis","Tectona grandis",0.988
"1098","Tetragonia tetragonioides","Tetragonia tetragonioides",0.988
"1099","Thalamita gloriensis","Thalamita gloriensis",0.988
"1100","Thalictrum delavayi","Thalictrum",0.75
"1101","Thalictrum minus","Thalictrum minus",0.988
"1102","Thalictrum simplex","Thalictrum",0.75
"1103","Theora lubrica","Theora lubrica",0.988
"1104","Thesium refractum","Thesium",0.75
"1105","Thladiantha cordifolia","Thladiantha",0.75
"1106","Thlaspi arvense","Thlaspi arvense",0.988
"1107","Thlaspi caerulescens subsp. brachypetalum","Thlaspi caerulescens",0.988
"1108","Thlaspi kovatsii","Thlaspi",0.75
"1109","Thymelaea gussonei","Thymelaea",0.75
"1110","Thymelaea passerina","Thymelaea passerina",0.988
"1111","Thymus odoratissimus","Thymus",0.75
"1112","Thymus pulegioides","Thymus pulegioides",0.988
"1113","Thymus serpyllum","Thymus serpyllum",0.988
"1114","Tiarella cordifolia","Tiarella cordifolia",0.988
"1115","Tilapia mariae","Tilapia mariae",0.988
"1116","Tilapia zillii","Tilapia zillii",0.988
"1117","Tithonia diversifolia","Tithonia diversifolia",0.988
"1118","Tolpis barbata","Tolpis barbata",0.988
"1119","Toona sinensis","Toona",0.75
"1120","Tordylium apulum","Tordylium apulum",0.988
"1121","Tordylium maximum","Tordylium",0.75
"1122","Torilis japonica","Torilis japonica",0.988
"1123","Torilis ucranica","Torilis",0.75
"1124","Torquigener flavimaculosus","Torquigener flavimaculosus",0.988
"1125","Trachelospermum jasminoides","Trachelospermum jasminoides",0.988
"1126","Tradescantia ohiensis","Tradescantia ohiensis",0.988
"1127","Tragopogon crocifolius","Tragopogon",0.75
"1128","Tridax procumbens","Tridax procumbens",0.988
"1129","Trifolium angulatum","Tripolium angustum",0.75
"1130","Trifolium argutum","Trifolium argutum",0.988
"1131","Trifolium constantinopolitanum","Trifolium",0.75
"1132","Trifolium diffusum","Trifolium diffusum",0.988
"1133","Trifolium isthmocarpum","Trifolium isthmocarpum",0.988
"1134","Trifolium lappaceum","Trifolium lappaceum",0.988
"1135","Trifolium ligusticum","Trifolium ligusticum",0.988
"1136","Trifolium medium","Trifolium medium",0.988
"1137","Trifolium montanum","Trifolium montanum",0.988
"1138","Trifolium mutabile","Trifolium mutabile",0.988
"1139","Trifolium ochroleucon","Trifolium ochroleucum",0.75
"1140","Trifolium phleoides","Trifolium",0.75
"1141","Trifolium strictum","Trifolium strictum",0.988
"1142","Trigonella maritima","Trigonella",0.75
"1143","Tripleurospermum tenuifolium","Tripleurospermum",0.75
"1144","Triticum boeoticum","Triticum boeoticum",0.988
"1145","Triticum carthlicum","Triticum carthlicum",0.988
"1146","Tropaeolum majus","Tropaeolum majus",0.988
"1147","Tubificoides pseudogaster","Tubificoides pseudogaster",0.988
"1148","Tulipa sylvestris","Tulipa sylvestris",0.988
"1149","Typha domingensis","Typha domingensis",0.988
"1150","Typha x glauca","Typha glauca",0.988
"1151","Umbra pygmaea","Umbra pygmaea",0.988
"1152","Urena lobata","Urena lobata",0.988
"1153","Urochloa distachya","Urochloa distachya",0.988
"1154","Urochloa mutica","Urochloa mutica",0.988
"1155","Urospermum picroides","Urospermum picroides",0.988
"1156","Urtica cannabina","Urtica",0.75
"1157","Urtica chamaedryoides","Urtica chamaedryoides",0.988
"1158","Urtica membranacea","Urtica",0.75
"1159","Vachellia macracantha","Vachellia macracantha",0.988
"1160","Valerianella muricata","Valerianella",0.75
"1161","Valerianella pumila","Valerianella",0.75
"1162","Valerianella uncinata","Valerianella",0.75
"1163","Vallisneria spiralis","Vallisneria spiralis",0.988
"1164","Velezia rigida","Velezia rigida",0.988
"1165","Verbascum chaixii","Verbascum chaixii",0.988
"1166","Verbascum nigrum","Verbascum nigrum",0.988
"1167","Verbascum niveum","Verbascum nigrum",0.75
"1168","Verbascum sinuatum","Verbascum sinuatum",0.988
"1169","Verbascum speciosum","Verbascum speciosum",0.988
"1170","Verbascum virgatum","Verbascum virgatum",0.988
"1171","Verbena bonariensis","Verbena bonariensis",0.988
"1172","Verbena urticifolia","Verbena urticifolia",0.988
"1173","Verbesina alternifolia","Verbesina alternifolia",0.988
"1174","Verbesina encelioides","Verbesina",0.75
"1175","Verbesina occidentalis","Verbesina occidentalis",0.988
"1176","Veronica acinifolia","Veronica",0.75
"1177","Veronica biloba","Veronica biloba",0.988
"1178","Veronica cardiocarpa","Veronica",0.75
"1179","Veronica chamaedrys","Veronica chamaedrys",0.988
"1180","Veronica cymbalaria","Veronica cymbalaria",0.988
"1181","Veronica fruticans","Veronica fruticans",0.988
"1182","Veronica fruticulosa","Veronica",0.75
"1183","Veronica repens","Veronica repens",0.988
"1184","Veronica serpyllifolia","Veronica serpyllifolia",0.988
"1185","Veronica verna","Veronica verna",0.988
"1186","Vicia disperma","Vicia disperma",0.988
"1187","Vicia sepium","Vicia sepium",0.988
"1188","Vicia sylvatica","Vicia sylvatica",0.988
"1189","Vicia tenuifolia","Vicia tenuifolia",0.988
"1190","Vigna marina","Vigna marina",0.988
"1191","Vinca major","Vinca major",0.988
"1192","Viola canadensis","Viola canadensis",0.988
"1193","Viola hirta","Viola hirta",0.988
"1194","Viola jooi","Viola",0.75
"1195","Viola selkirkii","Viola selkirkii",0.988
"1196","Viola sororia","Viola sororia",0.988
"1197","Viola suavis","Viola",0.75
"1198","Vitis cinerea","Vitis cinerea",0.988
"1199","Vulpia geniculata","Vulpia geniculata",0.988
"1200","Vulpia ligustica","Vulpia",0.75
"1201","Waldsteinia ternata","Waldsteinia ternata",0.988
"1202","Wolffia arrhiza","Wolffia arrhiza",0.988
"1203","Xanthium spinosum","Xanthium spinosum",0.988
"1204","Xanthoceras sorbifolium","Xanthoceras sorbifolium",0.988
"1205","Xanthoxalis stricta","Xanthoxalis stricta",0.988
"1206","Xiphophorus hellerii","Xiphophorus hellerii",0.988
"1207","Xiphophorus maculatus","Xiphophorus maculatus",0.988
