"","submitted_name","ScientificName","score","data_source_title"
"1","Abbottina rivularis","Abbottina rivularis",0.988,"Integrated Taxonomic Information SystemITIS"
"2","Abelmoschus esculentus","Abelmoschus esculentus",0.988,"Integrated Taxonomic Information SystemITIS"
"3","Abutilon indicum","Abutilon indicum",0.988,"Integrated Taxonomic Information SystemITIS"
"4","Acanthogobius flavimanus","Acanthogobius flavimanus",0.988,"Integrated Taxonomic Information SystemITIS"
"5","Achillea pannonica","Achillea pannonica",0.988,"Integrated Taxonomic Information SystemITIS"
"6","Achillea ptarmica","Achillea ptarmica",0.988,"Integrated Taxonomic Information SystemITIS"
"7","Achnatherum hymenoides","Achnatherum hymenoides",0.988,"Integrated Taxonomic Information SystemITIS"
"8","Achyranthes aspera","Achyranthes aspera",0.988,"Integrated Taxonomic Information SystemITIS"
"9","Aconitum lycoctonum","Aconitum lycoctonum",0.988,"Integrated Taxonomic Information SystemITIS"
"10","Aeschynomene indica","Aeschynomene indica",0.988,"Integrated Taxonomic Information SystemITIS"
"11","Agave sisalana","Agave sisalana",0.988,"Integrated Taxonomic Information SystemITIS"
"12","Agrostis hiemalis","Agrostis hiemalis",0.988,"Integrated Taxonomic Information SystemITIS"
"13","Alburnus alburnus","Alburnus alburnus",0.988,"Integrated Taxonomic Information SystemITIS"
"14","Alchemilla glaucescens","Alchemilla glaucescens",0.988,"Integrated Taxonomic Information SystemITIS"
"15","Alisma subcordatum","Alisma subcordatum",0.988,"Integrated Taxonomic Information SystemITIS"
"16","Alpinia zerumbet","Alpinia zerumbet",0.988,"Integrated Taxonomic Information SystemITIS"
"17","Alternanthera sessilis","Alternanthera sessilis",0.988,"Integrated Taxonomic Information SystemITIS"
"18","Alyssum minus","Alyssum minus",0.988,"Integrated Taxonomic Information SystemITIS"
"19","Alyssum simplex","Alyssum simplex",0.988,"Integrated Taxonomic Information SystemITIS"
"20","Amaranthus blitum","Amaranthus blitum",0.988,"Integrated Taxonomic Information SystemITIS"
"21","Amaranthus hybridus","Amaranthus hybridus",0.988,"Integrated Taxonomic Information SystemITIS"
"22","Amaranthus viridis","Amaranthus viridis",0.988,"Integrated Taxonomic Information SystemITIS"
"23","Ameiurus melas","Ameiurus melas",0.988,"Integrated Taxonomic Information SystemITIS"
"24","Amsonia tabernaemontana","Amsonia tabernaemontana",0.988,"Integrated Taxonomic Information SystemITIS"
"25","Andropogon glomeratus","Andropogon glomeratus",0.988,"Integrated Taxonomic Information SystemITIS"
"26","Andropogon virginicus","Andropogon virginicus",0.988,"Integrated Taxonomic Information SystemITIS"
"27","Apera interrupta","Apera interrupta",0.988,"Integrated Taxonomic Information SystemITIS"
"28","Arctotheca calendula","Arctotheca calendula",0.988,"Integrated Taxonomic Information SystemITIS"
"29","Areca catechu","Areca catechu",0.988,"Integrated Taxonomic Information SystemITIS"
"30","Artocarpus heterophyllus","Artocarpus heterophyllus",0.988,"Integrated Taxonomic Information SystemITIS"
"31","Asclepias curassavica","Asclepias curassavica",0.988,"Integrated Taxonomic Information SystemITIS"
"32","Aspius aspius","Aspius aspius",0.988,"Integrated Taxonomic Information SystemITIS"
"33","Aster dumosus","Aster dumosus",0.988,"Integrated Taxonomic Information SystemITIS"
"34","Aster lateriflorus","Aster lateriflorus",0.988,"Integrated Taxonomic Information SystemITIS"
"35","Aster riparius","Aster riparius",0.988,"Integrated Taxonomic Information SystemITIS"
"36","Aster salignus","Aster salignus",0.988,"Integrated Taxonomic Information SystemITIS"
"37","Aster tradescantii","Aster tradescantii",0.988,"Integrated Taxonomic Information SystemITIS"
"38","Aster versicolor","Aster versicolor",0.988,"Integrated Taxonomic Information SystemITIS"
"39","Astragalus crenatus","Astragalus crenatus",0.988,"Integrated Taxonomic Information SystemITIS"
"40","Astragalus galegiformis","Astragalus galegiformis",0.988,"Integrated Taxonomic Information SystemITIS"
"41","Astronotus ocellatus","Astronotus ocellatus",0.988,"Integrated Taxonomic Information SystemITIS"
"42","Atriplex hortensis","Atriplex hortensis",0.988,"Integrated Taxonomic Information SystemITIS"
"43","Bacopa monnieri","Bacopa monnieri",0.988,"Integrated Taxonomic Information SystemITIS"
"44","Bassia prostrata","Bassia prostrata",0.988,"Integrated Taxonomic Information SystemITIS"
"45","Bidens ferulifolia","Bidens ferulifolia",0.988,"Integrated Taxonomic Information SystemITIS"
"46","Bidens pilosa","Bidens pilosa",0.988,"Integrated Taxonomic Information SystemITIS"
"47","Bifora testiculata","Bifora testiculata",0.988,"Integrated Taxonomic Information SystemITIS"
"48","Boltonia asteroides","Boltonia asteroides",0.988,"Integrated Taxonomic Information SystemITIS"
"49","Brachypodium sylvaticum","Brachypodium sylvaticum",0.988,"Integrated Taxonomic Information SystemITIS"
"50","Bracteantha bracteata","Bracteantha bracteata",0.988,"Integrated Taxonomic Information SystemITIS"
"51","Brassaia actinophylla","Brassaia actinophylla",0.988,"Integrated Taxonomic Information SystemITIS"
"52","Brassica tournefortii","Brassica tournefortii",0.988,"Integrated Taxonomic Information SystemITIS"
"53","Bromopsis condensata","Bromopsis condensata",0.988,"Integrated Taxonomic Information SystemITIS"
"54","Bromus diandrus","Bromus diandrus",0.988,"Integrated Taxonomic Information SystemITIS"
"55","Bromus inermis","Bromus inermis",0.988,"Integrated Taxonomic Information SystemITIS"
"56","Bromus japonicus","Bromus japonicus",0.988,"Integrated Taxonomic Information SystemITIS"
"57","Bromus kalmii","Bromus kalmii",0.988,"Integrated Taxonomic Information SystemITIS"
"58","Bromus squarrosus","Bromus squarrosus",0.988,"Integrated Taxonomic Information SystemITIS"
"59","Bubalus bubalis","Bubalus bubalis",0.988,"Integrated Taxonomic Information SystemITIS"
"60","Bunium bulbocastanum","Bunium bulbocastanum",0.988,"Integrated Taxonomic Information SystemITIS"
"61","Bythotrephes longimanus","Bythotrephes longimanus",0.988,"Integrated Taxonomic Information SystemITIS"
"62","Cabomba caroliniana","Cabomba caroliniana",0.988,"Integrated Taxonomic Information SystemITIS"
"63","Calamintha nepeta","Calamintha nepeta",0.988,"Integrated Taxonomic Information SystemITIS"
"64","Callionymus filamentosus","Callionymus filamentosus",0.988,"Integrated Taxonomic Information SystemITIS"
"65","Calophyllum inophyllum","Calophyllum inophyllum",0.988,"Integrated Taxonomic Information SystemITIS"
"66","Calopogonium mucunoides","Calopogonium mucunoides",0.988,"Integrated Taxonomic Information SystemITIS"
"67","Calotropis gigantea","Calotropis gigantea",0.988,"Integrated Taxonomic Information SystemITIS"
"68","Caltha leptosepala","Caltha leptosepala",0.988,"Integrated Taxonomic Information SystemITIS"
"69","Canavalia cathartica","Canavalia cathartica",0.988,"Integrated Taxonomic Information SystemITIS"
"70","Canna indica","Canna indica",0.988,"Integrated Taxonomic Information SystemITIS"
"71","Caprella scaura","Caprella scaura",0.988,"Integrated Taxonomic Information SystemITIS"
"72","Capsicum annuum","Capsicum annuum",0.988,"Integrated Taxonomic Information SystemITIS"
"73","Carassius cuvieri","Carassius cuvieri",0.988,"Integrated Taxonomic Information SystemITIS"
"74","Cardamine parviflora","Cardamine parviflora",0.988,"Integrated Taxonomic Information SystemITIS"
"75","Cardiospermum halicacabum","Cardiospermum halicacabum",0.988,"Integrated Taxonomic Information SystemITIS"
"76","Carduus crispus","Carduus crispus",0.988,"Integrated Taxonomic Information SystemITIS"
"77","Carex intumescens","Carex intumescens",0.988,"Integrated Taxonomic Information SystemITIS"
"78","Carex kobomugi","Carex kobomugi",0.988,"Integrated Taxonomic Information SystemITIS"
"79","Carex nigra","Carex nigra",0.988,"Integrated Taxonomic Information SystemITIS"
"80","Carex ovalis","Carex ovalis",0.988,"Integrated Taxonomic Information SystemITIS"
"81","Carex tribuloides","Carex tribuloides",0.988,"Integrated Taxonomic Information SystemITIS"
"82","Carlina vulgaris","Carlina vulgaris",0.988,"Integrated Taxonomic Information SystemITIS"
"83","Carpobrotus edulis","Carpobrotus edulis",0.988,"Integrated Taxonomic Information SystemITIS"
"84","Castor canadensis","Castor canadensis",0.988,"Integrated Taxonomic Information SystemITIS"
"85","Catharanthus roseus","Catharanthus roseus",0.988,"Integrated Taxonomic Information SystemITIS"
"86","Caucalis platycarpos subsp. bischoffii","Caucalis platycarpos",0.988,"Integrated Taxonomic Information SystemITIS"
"87","Centella asiatica","Centella asiatica",0.988,"Integrated Taxonomic Information SystemITIS"
"88","Ceratopteris thalictroides","Ceratopteris thalictroides",0.988,"Integrated Taxonomic Information SystemITIS"
"89","Cerithium litteratum","Cerithium litteratum",0.988,"Integrated Taxonomic Information SystemITIS"
"90","Channa argus argus","Channa argus argus",0.999,"Integrated Taxonomic Information SystemITIS"
"91","Channa marulius","Channa marulius",0.988,"Integrated Taxonomic Information SystemITIS"
"92","Chenopodium album","Chenopodium album",0.988,"Integrated Taxonomic Information SystemITIS"
"93","Chenopodium carinatum","Chenopodium carinatum",0.988,"Integrated Taxonomic Information SystemITIS"
"94","Chenopodium pumilio","Chenopodium pumilio",0.988,"Integrated Taxonomic Information SystemITIS"
"95","Cherax cainii","Cherax cainii",0.988,"Integrated Taxonomic Information SystemITIS"
"96","Cherax destructor","Cherax destructor",0.988,"Integrated Taxonomic Information SystemITIS"
"97","Cherax quadricarinatus","Cherax quadricarinatus",0.988,"Integrated Taxonomic Information SystemITIS"
"98","Chloris barbata","Chloris barbata",0.988,"Integrated Taxonomic Information SystemITIS"
"99","Chrysanthemum corymbosum","Chrysanthemum corymbosum",0.988,"Integrated Taxonomic Information SystemITIS"
"100","Cichorium endivia","Cichorium endivia",0.988,"Integrated Taxonomic Information SystemITIS"
"101","Cirsium ochrocentrum","Cirsium ochrocentrum",0.988,"Integrated Taxonomic Information SystemITIS"
"102","Citrus aurantiifolia","Citrus aurantiifolia",0.988,"Integrated Taxonomic Information SystemITIS"
"103","Claytonia parvifolia","Claytonia parvifolia",0.988,"Integrated Taxonomic Information SystemITIS"
"104","Cleome hassleriana","Cleome hassleriana",0.988,"Integrated Taxonomic Information SystemITIS"
"105","Cleome viscosa","Cleome viscosa",0.988,"Integrated Taxonomic Information SystemITIS"
"106","Clitoria ternatea","Clitoria ternatea",0.988,"Integrated Taxonomic Information SystemITIS"
"107","Clupeonella cultriventris","Clupeonella cultriventris",0.988,"Integrated Taxonomic Information SystemITIS"
"108","Coix lacryma-jobi","Coix lacryma-jobi",0.988,"Integrated Taxonomic Information SystemITIS"
"109","Coleus blumei","Coleus blumei",0.988,"Integrated Taxonomic Information SystemITIS"
"110","Corbicula fluminalis","Corbicula fluminalis",0.988,"Integrated Taxonomic Information SystemITIS"
"111","Coregonus albula","Coregonus albula",0.988,"Integrated Taxonomic Information SystemITIS"
"112","Corymbia citriodora","Corymbia citriodora",0.988,"Integrated Taxonomic Information SystemITIS"
"113","Cotoneaster moupinensis","Cotoneaster moupinensis",0.988,"Integrated Taxonomic Information SystemITIS"
"114","Crassula helmsii","Crassula helmsii",0.988,"Integrated Taxonomic Information SystemITIS"
"115","Crotalaria retusa","Crotalaria retusa",0.988,"Integrated Taxonomic Information SystemITIS"
"116","Crotalaria spectabilis","Crotalaria spectabilis",0.988,"Integrated Taxonomic Information SystemITIS"
"117","Ctenopharyngodon idella","Ctenopharyngodon idella",0.988,"Integrated Taxonomic Information SystemITIS"
"118","Cucumis anguria","Cucumis anguria",0.988,"Integrated Taxonomic Information SystemITIS"
"119","Cuscuta approximata","Cuscuta approximata",0.988,"Integrated Taxonomic Information SystemITIS"
"120","Cuscuta gronovii","Cuscuta gronovii",0.988,"Integrated Taxonomic Information SystemITIS"
"121","Cuscuta reflexa","Cuscuta reflexa",0.988,"Integrated Taxonomic Information SystemITIS"
"122","Cutandia memphitica","Cutandia memphitica",0.988,"Integrated Taxonomic Information SystemITIS"
"123","Cyclachaena xanthiifolia","Cyclachaena xanthiifolia",0.988,"Integrated Taxonomic Information SystemITIS"
"124","Cyclanthera pedata","Cyclanthera pedata",0.988,"Integrated Taxonomic Information SystemITIS"
"125","Cycloloma atriplicifolium","Cycloloma atriplicifolium",0.988,"Integrated Taxonomic Information SystemITIS"
"126","Cymbopogon citratus","Cymbopogon citratus",0.988,"Integrated Taxonomic Information SystemITIS"
"127","Cynodon dactylon","Cynodon dactylon",0.988,"Integrated Taxonomic Information SystemITIS"
"128","Cynoglossum glochidiatum","Cynoglossum glochidiatum",0.988,"Integrated Taxonomic Information SystemITIS"
"129","Cynosurus echinatus","Cynosurus echinatus",0.988,"Integrated Taxonomic Information SystemITIS"
"130","Cyperus difformis","Cyperus difformis",0.988,"Integrated Taxonomic Information SystemITIS"
"131","Cyperus imbricatus","Cyperus imbricatus",0.988,"Integrated Taxonomic Information SystemITIS"
"132","Cyperus iria","Cyperus iria",0.988,"Integrated Taxonomic Information SystemITIS"
"133","Cyperus microiria","Cyperus microiria",0.988,"Integrated Taxonomic Information SystemITIS"
"134","Cyperus papyrus","Cyperus papyrus",0.988,"Integrated Taxonomic Information SystemITIS"
"135","Cyperus strigosus","Cyperus strigosus",0.988,"Integrated Taxonomic Information SystemITIS"
"136","Cyprinus carpio","Cyprinus carpio",0.988,"Integrated Taxonomic Information SystemITIS"
"137","Danthonia spicata","Danthonia spicata",0.988,"Integrated Taxonomic Information SystemITIS"
"138","Daphnia ambigua","Daphnia ambigua",0.988,"Integrated Taxonomic Information SystemITIS"
"139","Daphnia lumholtzi","Daphnia lumholtzi",0.988,"Integrated Taxonomic Information SystemITIS"
"140","Dasiphora fruticosa","Dasiphora fruticosa",0.988,"Integrated Taxonomic Information SystemITIS"
"141","Datura metel","Datura metel",0.988,"Integrated Taxonomic Information SystemITIS"
"142","Daucus carota","Daucus carota",0.988,"Integrated Taxonomic Information SystemITIS"
"143","Dendostrea frons","Dendostrea frons",0.988,"Integrated Taxonomic Information SystemITIS"
"144","Dendrobaena hortensis","Dendrobaena hortensis",0.988,"Integrated Taxonomic Information SystemITIS"
"145","Dennstaedtia punctilobula","Dennstaedtia punctilobula",0.988,"Integrated Taxonomic Information SystemITIS"
"146","Deschampsia cespitosa","Deschampsia cespitosa",0.988,"Integrated Taxonomic Information SystemITIS"
"147","Dichanthelium acuminatum","Dichanthelium acuminatum",0.988,"Integrated Taxonomic Information SystemITIS"
"148","Digitalis grandiflora","Digitalis grandiflora",0.988,"Integrated Taxonomic Information SystemITIS"
"149","Digitaria debilis","Digitaria debilis",0.988,"Integrated Taxonomic Information SystemITIS"
"150","Digitaria longiflora","Digitaria longiflora",0.988,"Integrated Taxonomic Information SystemITIS"
"151","Dioscorea bulbifera","Dioscorea bulbifera",0.988,"Integrated Taxonomic Information SystemITIS"
"152","Draba verna","Draba verna",0.988,"Integrated Taxonomic Information SystemITIS"
"153","Dracopis amplexicaulis","Dracopis amplexicaulis",0.988,"Integrated Taxonomic Information SystemITIS"
"154","Dreissena rostriformis bugensis","Dreissena rostriformis bugensis",0.999,"Integrated Taxonomic Information SystemITIS"
"155","Dulichium arundinaceum","Dulichium arundinaceum",0.988,"Integrated Taxonomic Information SystemITIS"
"156","Dysphania botrys","Dysphania botrys",0.988,"Integrated Taxonomic Information SystemITIS"
"157","Echinochloa colona","Echinochloa colona",0.988,"Integrated Taxonomic Information SystemITIS"
"158","Echinochloa crus-pavonis","Echinochloa crus-pavonis",0.988,"Integrated Taxonomic Information SystemITIS"
"159","Echinochloa microstachya","Echinochloa microstachya",0.988,"Integrated Taxonomic Information SystemITIS"
"160","Echinops bannaticus","Echinops bannaticus",0.988,"Integrated Taxonomic Information SystemITIS"
"161","Echinops sphaerocephalus","Echinops sphaerocephalus",0.988,"Integrated Taxonomic Information SystemITIS"
"162","Eichhornia azurea","Eichhornia azurea",0.988,"Integrated Taxonomic Information SystemITIS"
"163","Elodea nuttallii","Elodea nuttallii",0.988,"Integrated Taxonomic Information SystemITIS"
"164","Elymus repens","Elymus repens",0.988,"Integrated Taxonomic Information SystemITIS"
"165","Enchelycore anatina","Enchelycore anatina",0.988,"Integrated Taxonomic Information SystemITIS"
"166","Epilobium glandulosum","Epilobium glandulosum",0.988,"Integrated Taxonomic Information SystemITIS"
"167","Equisetum palustre","Equisetum palustre",0.988,"Integrated Taxonomic Information SystemITIS"
"168","Eragrostis caroliniana","Eragrostis caroliniana",0.988,"Integrated Taxonomic Information SystemITIS"
"169","Eragrostis ciliaris","Eragrostis ciliaris",0.988,"Integrated Taxonomic Information SystemITIS"
"170","Eragrostis curvula","Eragrostis curvula",0.988,"Integrated Taxonomic Information SystemITIS"
"171","Eragrostis flaccida","Eragrostis flaccida",0.988,"Integrated Taxonomic Information SystemITIS"
"172","Eragrostis japonica","Eragrostis japonica",0.988,"Integrated Taxonomic Information SystemITIS"
"173","Eragrostis unioloides","Eragrostis unioloides",0.988,"Integrated Taxonomic Information SystemITIS"
"174","Erigeron annuus","Erigeron annuus",0.988,"Integrated Taxonomic Information SystemITIS"
"175","Erigeron ramosus","Erigeron ramosus",0.988,"Integrated Taxonomic Information SystemITIS"
"176","Eriobotrya japonica","Eriobotrya japonica",0.988,"Integrated Taxonomic Information SystemITIS"
"177","Eriocheir sinensis","Eriocheir sinensis",0.988,"Integrated Taxonomic Information SystemITIS"
"178","Erophila verna","Erophila verna",0.988,"Integrated Taxonomic Information SystemITIS"
"179","Euglandina rosea","Euglandina rosea",0.988,"Integrated Taxonomic Information SystemITIS"
"180","Euphorbia carpatica","Euphorbia carpatica",0.988,"Integrated Taxonomic Information SystemITIS"
"181","Euphorbia glyptosperma","Euphorbia glyptosperma",0.988,"Integrated Taxonomic Information SystemITIS"
"182","Euphorbia lagascae","Euphorbia lagascae",0.988,"Integrated Taxonomic Information SystemITIS"
"183","Euphorbia leptocaula","Euphorbia leptocaula",0.988,"Integrated Taxonomic Information SystemITIS"
"184","Euphorbia maculata","Euphorbia maculata",0.988,"Integrated Taxonomic Information SystemITIS"
"185","Euphorbia massiliensis","Euphorbia massiliensis",0.988,"Integrated Taxonomic Information SystemITIS"
"186","Euphorbia rigida","Euphorbia rigida",0.988,"Integrated Taxonomic Information SystemITIS"
"187","Euphorbia sareptana","Euphorbia sareptana",0.988,"Integrated Taxonomic Information SystemITIS"
"188","Exochorda racemosa","Exochorda racemosa",0.988,"Integrated Taxonomic Information SystemITIS"
"189","Farfantepenaeus aztecus","Farfantepenaeus aztecus",0.988,"Integrated Taxonomic Information SystemITIS"
"190","Fatoua villosa","Fatoua villosa",0.988,"Integrated Taxonomic Information SystemITIS"
"191","Faxonius limosus","Faxonius limosus",0.988,"Integrated Taxonomic Information SystemITIS"
"192","Faxonius rusticus","Faxonius rusticus",0.988,"Integrated Taxonomic Information SystemITIS"
"193","Faxonius virilis","Faxonius virilis",0.988,"Integrated Taxonomic Information SystemITIS"
"194","Ferrissia fragilis","Ferrissia fragilis",0.988,"Integrated Taxonomic Information SystemITIS"
"195","Ficus carica","Ficus carica",0.988,"Integrated Taxonomic Information SystemITIS"
"196","Filaginella uliginosa","Filaginella uliginosa",0.988,"Integrated Taxonomic Information SystemITIS"
"197","Filago arvensis","Filago arvensis",0.988,"Integrated Taxonomic Information SystemITIS"
"198","Filago minima","Filago minima",0.988,"Integrated Taxonomic Information SystemITIS"
"199","Filipendula rubra","Filipendula rubra",0.988,"Integrated Taxonomic Information SystemITIS"
"200","Filipendula ulmaria","Filipendula ulmaria",0.988,"Integrated Taxonomic Information SystemITIS"
"201","Filipendula vulgaris","Filipendula vulgaris",0.988,"Integrated Taxonomic Information SystemITIS"
"202","Fimbristylis cymosa","Fimbristylis cymosa",0.988,"Integrated Taxonomic Information SystemITIS"
"203","Fimbristylis littoralis","Fimbristylis littoralis",0.988,"Integrated Taxonomic Information SystemITIS"
"204","Gahnia aspera subsp. globosa","Gahnia aspera ssp. globosa",0.999,"Integrated Taxonomic Information SystemITIS"
"205","Galega officinalis","Galega officinalis",0.988,"Integrated Taxonomic Information SystemITIS"
"206","Galeopsis speciosa","Galeopsis speciosa",0.988,"Integrated Taxonomic Information SystemITIS"
"207","Galinsoga urticifolia","Galinsoga urticifolia",0.988,"Integrated Taxonomic Information SystemITIS"
"208","Galium album","Galium album",0.988,"Integrated Taxonomic Information SystemITIS"
"209","Galium saxatile","Galium saxatile",0.988,"Integrated Taxonomic Information SystemITIS"
"210","Galium uliginosum","Galium uliginosum",0.988,"Integrated Taxonomic Information SystemITIS"
"211","Gambusia holbrooki","Gambusia holbrooki",0.988,"Integrated Taxonomic Information SystemITIS"
"212","Gammarus tigrinus","Gammarus tigrinus",0.988,"Integrated Taxonomic Information SystemITIS"
"213","Gamochaeta pensylvanica","Gamochaeta pensylvanica",0.988,"Integrated Taxonomic Information SystemITIS"
"214","Gamochaeta purpurea","Gamochaeta purpurea",0.988,"Integrated Taxonomic Information SystemITIS"
"215","Gardenia jasminoides","Gardenia jasminoides",0.988,"Integrated Taxonomic Information SystemITIS"
"216","Gastridium ventricosum","Gastridium ventricosum",0.988,"Integrated Taxonomic Information SystemITIS"
"217","Gaura lindheimeri","Gaura lindheimeri",0.988,"Integrated Taxonomic Information SystemITIS"
"218","Geranium lucidum","Geranium lucidum",0.988,"Integrated Taxonomic Information SystemITIS"
"219","Geranium nepalense","Geranium nepalense",0.988,"Integrated Taxonomic Information SystemITIS"
"220","Geranium pratense","Geranium pratense",0.988,"Integrated Taxonomic Information SystemITIS"
"221","Geranium robertianum","Geranium robertianum",0.988,"Integrated Taxonomic Information SystemITIS"
"222","Geranium sylvaticum","Geranium sylvaticum",0.988,"Integrated Taxonomic Information SystemITIS"
"223","Geranium thunbergii","Geranium thunbergii",0.988,"Integrated Taxonomic Information SystemITIS"
"224","Geranium versicolor","Geranium versicolor",0.988,"Integrated Taxonomic Information SystemITIS"
"225","Geum aleppicum","Geum aleppicum",0.988,"Integrated Taxonomic Information SystemITIS"
"226","Glandularia peruviana","Glandularia peruviana",0.988,"Integrated Taxonomic Information SystemITIS"
"227","Glechoma hederacea","Glechoma hederacea",0.988,"Integrated Taxonomic Information SystemITIS"
"228","Glossostigma cleistanthum","Glossostigma cleistanthum",0.988,"Integrated Taxonomic Information SystemITIS"
"229","Glyceria canadensis","Glyceria canadensis",0.988,"Integrated Taxonomic Information SystemITIS"
"230","Glyceria declinata","Glyceria declinata",0.988,"Integrated Taxonomic Information SystemITIS"
"231","Glyceria maxima","Glyceria maxima",0.988,"Integrated Taxonomic Information SystemITIS"
"232","Glycosmis parviflora","Glycosmis parviflora",0.988,"Integrated Taxonomic Information SystemITIS"
"233","Glyptoperichthys gibbiceps","Glyptoperichthys gibbiceps",0.988,"Integrated Taxonomic Information SystemITIS"
"234","Gnaphalium calviceps","Gnaphalium calviceps",0.988,"Integrated Taxonomic Information SystemITIS"
"235","Gnaphalium purpureum","Gnaphalium purpureum",0.988,"Integrated Taxonomic Information SystemITIS"
"236","Gnaphalium supinum","Gnaphalium supinum",0.988,"Integrated Taxonomic Information SystemITIS"
"237","Gomphrena globosa","Gomphrena globosa",0.988,"Integrated Taxonomic Information SystemITIS"
"238","Goodyera repens","Goodyera repens",0.988,"Integrated Taxonomic Information SystemITIS"
"239","Gratiola officinalis","Gratiola officinalis",0.988,"Integrated Taxonomic Information SystemITIS"
"240","Gymnocephalus cernuus","Gymnocephalus cernuus",0.988,"Integrated Taxonomic Information SystemITIS"
"241","Gypsophila muralis","Gypsophila muralis",0.988,"Integrated Taxonomic Information SystemITIS"
"242","Gypsophila paniculata","Gypsophila paniculata",0.988,"Integrated Taxonomic Information SystemITIS"
"243","Hedera colchica","Hedera colchica",0.988,"Integrated Taxonomic Information SystemITIS"
"244","Hedera helix","Hedera helix",0.988,"Integrated Taxonomic Information SystemITIS"
"245","Hedychium coronarium","Hedychium coronarium",0.988,"Integrated Taxonomic Information SystemITIS"
"246","Hedypnois cretica","Hedypnois cretica",0.988,"Integrated Taxonomic Information SystemITIS"
"247","Helianthus annuus","Helianthus annuus",0.988,"Integrated Taxonomic Information SystemITIS"
"248","Helianthus laetiflorus","Helianthus laetiflorus",0.988,"Integrated Taxonomic Information SystemITIS"
"249","Helicotylenchus multicinctus","Helicotylenchus multicinctus",0.988,"Integrated Taxonomic Information SystemITIS"
"250","Heliotropium curassavicum","Heliotropium curassavicum",0.988,"Integrated Taxonomic Information SystemITIS"
"251","Heliotropium indicum","Heliotropium indicum",0.988,"Integrated Taxonomic Information SystemITIS"
"252","Hemibarbus maculatus","Hemibarbus maculatus",0.988,"Integrated Taxonomic Information SystemITIS"
"253","Hemichromis fasciatus","Hemichromis fasciatus",0.988,"Integrated Taxonomic Information SystemITIS"
"254","Hemiculter leucisculus","Hemiculter leucisculus",0.988,"Integrated Taxonomic Information SystemITIS"
"255","Hemimysis anomala","Hemimysis anomala",0.988,"Integrated Taxonomic Information SystemITIS"
"256","Heteranthera rotundifolia","Heteranthera rotundifolia",0.988,"Integrated Taxonomic Information SystemITIS"
"257","Heteropogon contortus","Heteropogon contortus",0.988,"Integrated Taxonomic Information SystemITIS"
"258","Heuchera americana","Heuchera americana",0.988,"Integrated Taxonomic Information SystemITIS"
"259","Hibiscus trionum","Hibiscus trionum",0.988,"Integrated Taxonomic Information SystemITIS"
"260","Hieracium floribundum","Hieracium floribundum",0.988,"Integrated Taxonomic Information SystemITIS"
"261","Hieracium piloselloides","Hieracium piloselloides",0.988,"Integrated Taxonomic Information SystemITIS"
"262","Holcus mollis","Holcus mollis",0.988,"Integrated Taxonomic Information SystemITIS"
"263","Holosteum umbellatum","Holosteum umbellatum",0.988,"Integrated Taxonomic Information SystemITIS"
"264","Hosta lancifolia","Hosta lancifolia",0.988,"Integrated Taxonomic Information SystemITIS"
"265","Hovenia dulcis","Hovenia dulcis",0.988,"Integrated Taxonomic Information SystemITIS"
"266","Howea belmoreana","Howea belmoreana",0.988,"Integrated Taxonomic Information SystemITIS"
"267","Hydrocleys nymphoides","Hydrocleys nymphoides",0.988,"Integrated Taxonomic Information SystemITIS"
"268","Hygrophila polysperma","Hygrophila polysperma",0.988,"Integrated Taxonomic Information SystemITIS"
"269","Hylocereus undatus","Hylocereus undatus",0.988,"Integrated Taxonomic Information SystemITIS"
"270","Hyparrhenia hirta","Hyparrhenia hirta",0.988,"Integrated Taxonomic Information SystemITIS"
"271","Hypericum androsaemum","Hypericum androsaemum",0.988,"Integrated Taxonomic Information SystemITIS"
"272","Hypericum gymnanthum","Hypericum gymnanthum",0.988,"Integrated Taxonomic Information SystemITIS"
"273","Iberis umbellata","Iberis umbellata",0.988,"Integrated Taxonomic Information SystemITIS"
"274","Ictalurus punctatus","Ictalurus punctatus",0.988,"Integrated Taxonomic Information SystemITIS"
"275","Illecebrum verticillatum","Illecebrum verticillatum",0.988,"Integrated Taxonomic Information SystemITIS"
"276","Impatiens balfourii","Impatiens balfourii",0.988,"Integrated Taxonomic Information SystemITIS"
"277","Indigofera hirsuta","Indigofera hirsuta",0.988,"Integrated Taxonomic Information SystemITIS"
"278","Ionopsidium acaule","Ionopsidium acaule",0.988,"Integrated Taxonomic Information SystemITIS"
"279","Ipheion uniflorum","Ipheion uniflorum",0.988,"Integrated Taxonomic Information SystemITIS"
"280","Ipomoea aquatica","Ipomoea aquatica",0.988,"Integrated Taxonomic Information SystemITIS"
"281","Ipomoea carnea subsp. fistulosa","Ipomoea carnea ssp. fistulosa",0.999,"Integrated Taxonomic Information SystemITIS"
"282","Ipomoea purpurea","Ipomoea purpurea",0.988,"Integrated Taxonomic Information SystemITIS"
"283","Iris foetidissima","Iris foetidissima",0.988,"Integrated Taxonomic Information SystemITIS"
"284","Iris sibirica","Iris sibirica",0.988,"Integrated Taxonomic Information SystemITIS"
"285","Iris spuria","Iris spuria",0.988,"Integrated Taxonomic Information SystemITIS"
"286","Iris versicolor","Iris versicolor",0.988,"Integrated Taxonomic Information SystemITIS"
"287","Ixia campanulata","Ixia campanulata",0.988,"Integrated Taxonomic Information SystemITIS"
"288","Jasminum multiflorum","Jasminum multiflorum",0.988,"Integrated Taxonomic Information SystemITIS"
"289","Juncus articulatus","Juncus articulatus",0.988,"Integrated Taxonomic Information SystemITIS"
"290","Juncus bufonius","Juncus bufonius",0.988,"Integrated Taxonomic Information SystemITIS"
"291","Juncus compressus","Juncus compressus",0.988,"Integrated Taxonomic Information SystemITIS"
"292","Juncus dudleyi","Juncus dudleyi",0.988,"Integrated Taxonomic Information SystemITIS"
"293","Juncus ensifolius","Juncus ensifolius",0.988,"Integrated Taxonomic Information SystemITIS"
"294","Kyllinga gracillima","Kyllinga gracillima",0.988,"Integrated Taxonomic Information SystemITIS"
"295","Lablab purpureus","Lablab purpureus",0.988,"Integrated Taxonomic Information SystemITIS"
"296","Lagerstroemia speciosa","Lagerstroemia speciosa",0.988,"Integrated Taxonomic Information SystemITIS"
"297","Lamium confertum","Lamium confertum",0.988,"Integrated Taxonomic Information SystemITIS"
"298","Lamium galeobdolon","Lamium galeobdolon",0.988,"Integrated Taxonomic Information SystemITIS"
"299","Lamium hybridum","Lamium hybridum",0.988,"Integrated Taxonomic Information SystemITIS"
"300","Lamium purpureum var. moluccellifolium","Lamium purpureum",0.988,"Integrated Taxonomic Information SystemITIS"
"301","Lamyctes coeculus","Lamyctes coeculus",0.988,"Integrated Taxonomic Information SystemITIS"
"302","Lamyctes emarginatus","Lamyctes emarginatus",0.988,"Integrated Taxonomic Information SystemITIS"
"303","Lappula deflexa","Lappula deflexa",0.988,"Integrated Taxonomic Information SystemITIS"
"304","Lathyrus japonicus","Lathyrus japonicus",0.988,"Integrated Taxonomic Information SystemITIS"
"305","Lathyrus palustris","Lathyrus palustris",0.988,"Integrated Taxonomic Information SystemITIS"
"306","Lawsonia inermis","Lawsonia inermis",0.988,"Integrated Taxonomic Information SystemITIS"
"307","Lemna aequinoctialis","Lemna aequinoctialis",0.988,"Integrated Taxonomic Information SystemITIS"
"308","Lemna minuta","Lemna minuta",0.988,"Integrated Taxonomic Information SystemITIS"
"309","Lepidium appelianum","Lepidium appelianum",0.988,"Integrated Taxonomic Information SystemITIS"
"310","Lepidium didymum","Lepidium didymum",0.988,"Integrated Taxonomic Information SystemITIS"
"311","Lepidium graminifolium","Lepidium graminifolium",0.988,"Integrated Taxonomic Information SystemITIS"
"312","Lepidium heterophyllum","Lepidium heterophyllum",0.988,"Integrated Taxonomic Information SystemITIS"
"313","Lepidium neglectum","Lepidium neglectum",0.988,"Integrated Taxonomic Information SystemITIS"
"314","Lepidium pinnatifidum","Lepidium pinnatifidum",0.988,"Integrated Taxonomic Information SystemITIS"
"315","Lepidotheca suaveolens","Lepidotheca suaveolens",0.988,"Integrated Taxonomic Information SystemITIS"
"316","Lepomis gulosus","Lepomis gulosus",0.988,"Integrated Taxonomic Information SystemITIS"
"317","Leptochloa fusca","Leptochloa fusca",0.988,"Integrated Taxonomic Information SystemITIS"
"318","Leucanthemella serotina","Leucanthemella serotina",0.988,"Integrated Taxonomic Information SystemITIS"
"319","Leucaspius delineatus","Leucaspius delineatus",0.988,"Integrated Taxonomic Information SystemITIS"
"320","Leymus innovatus","Leymus innovatus",0.988,"Integrated Taxonomic Information SystemITIS"
"321","Ligusticum scoticum","Ligusticum scoticum",0.988,"Integrated Taxonomic Information SystemITIS"
"322","Ligustrum sinense","Ligustrum sinense",0.988,"Integrated Taxonomic Information SystemITIS"
"323","Ligustrum vulgare","Ligustrum vulgare",0.988,"Integrated Taxonomic Information SystemITIS"
"324","Limax flavus","Limax flavus",0.988,"Integrated Taxonomic Information SystemITIS"
"325","Limnobium laevigatum","Limnobium laevigatum",0.988,"Integrated Taxonomic Information SystemITIS"
"326","Limnomysis benedeni","Limnomysis benedeni",0.988,"Integrated Taxonomic Information SystemITIS"
"327","Limosella aquatica","Limosella aquatica",0.988,"Integrated Taxonomic Information SystemITIS"
"328","Linaria canadensis","Linaria canadensis",0.988,"Integrated Taxonomic Information SystemITIS"
"329","Linaria genistifolia","Linaria genistifolia",0.988,"Integrated Taxonomic Information SystemITIS"
"330","Linaria purpurea","Linaria purpurea",0.988,"Integrated Taxonomic Information SystemITIS"
"331","Linaria supina","Linaria supina",0.988,"Integrated Taxonomic Information SystemITIS"
"332","Linum virginianum","Linum virginianum",0.988,"Integrated Taxonomic Information SystemITIS"
"333","Liriope muscari","Liriope muscari",0.988,"Integrated Taxonomic Information SystemITIS"
"334","Liriope spicata","Liriope spicata",0.988,"Integrated Taxonomic Information SystemITIS"
"335","Litopenaeus vannamei","Litopenaeus vannamei",0.988,"Integrated Taxonomic Information SystemITIS"
"336","Lobelia siphilitica","Lobelia siphilitica",0.988,"Integrated Taxonomic Information SystemITIS"
"337","Lonicera alpigena","Lonicera alpigena",0.988,"Integrated Taxonomic Information SystemITIS"
"338","Lonicera japonica","Lonicera japonica",0.988,"Integrated Taxonomic Information SystemITIS"
"339","Lopezia racemosa","Lopezia racemosa",0.988,"Integrated Taxonomic Information SystemITIS"
"340","Lotus cytisoides","Lotus cytisoides",0.988,"Integrated Taxonomic Information SystemITIS"
"341","Lotus unifoliolatus","Lotus unifoliolatus",0.988,"Integrated Taxonomic Information SystemITIS"
"342","Ludwigia alternifolia","Ludwigia alternifolia",0.988,"Integrated Taxonomic Information SystemITIS"
"343","Ludwigia grandiflora","Ludwigia grandiflora",0.988,"Integrated Taxonomic Information SystemITIS"
"344","Ludwigia peploides","Ludwigia peploides",0.988,"Integrated Taxonomic Information SystemITIS"
"345","Lupinus perennis","Lupinus perennis",0.988,"Integrated Taxonomic Information SystemITIS"
"346","Lupinus plattensis","Lupinus plattensis",0.988,"Integrated Taxonomic Information SystemITIS"
"347","Luzula campestris","Luzula campestris",0.988,"Integrated Taxonomic Information SystemITIS"
"348","Luzula multiflora","Luzula multiflora",0.988,"Integrated Taxonomic Information SystemITIS"
"349","Luzula pallidula","Luzula pallidula",0.988,"Integrated Taxonomic Information SystemITIS"
"350","Lysichiton americanus","Lysichiton americanus",0.988,"Integrated Taxonomic Information SystemITIS"
"351","Lysichiton camtschatcensis","Lysichiton camtschatcensis",0.988,"Integrated Taxonomic Information SystemITIS"
"352","Lysimachia ciliata","Lysimachia ciliata",0.988,"Integrated Taxonomic Information SystemITIS"
"353","Lysimachia nummularia","Lysimachia nummularia",0.988,"Integrated Taxonomic Information SystemITIS"
"354","Lythrum hyssopifolium","Lythrum hyssopifolium",0.988,"Integrated Taxonomic Information SystemITIS"
"355","Lythrum portula","Lythrum portula",0.988,"Integrated Taxonomic Information SystemITIS"
"356","Lythrum virgatum","Lythrum virgatum",0.988,"Integrated Taxonomic Information SystemITIS"
"357","Macaca mulatta","Macaca mulatta",0.988,"Integrated Taxonomic Information SystemITIS"
"358","Macrobrachium rosenbergii","Macrobrachium rosenbergii",0.988,"Integrated Taxonomic Information SystemITIS"
"359","Maianthemum stellatum","Maianthemum stellatum",0.988,"Integrated Taxonomic Information SystemITIS"
"360","Malva moschata","Malva moschata",0.988,"Integrated Taxonomic Information SystemITIS"
"361","Malva sylvestris","Malva sylvestris",0.988,"Integrated Taxonomic Information SystemITIS"
"362","Maranta arundinacea","Maranta arundinacea",0.988,"Integrated Taxonomic Information SystemITIS"
"363","Marisa cornuarietis","Marisa cornuarietis",0.988,"Integrated Taxonomic Information SystemITIS"
"364","Marsilea minuta","Marsilea minuta",0.988,"Integrated Taxonomic Information SystemITIS"
"365","Martynia annua","Martynia annua",0.988,"Integrated Taxonomic Information SystemITIS"
"366","Matteuccia struthiopteris","Matteuccia struthiopteris",0.988,"Integrated Taxonomic Information SystemITIS"
"367","Matthiola longipetala","Matthiola longipetala",0.988,"Integrated Taxonomic Information SystemITIS"
"368","Medicago italica","Medicago italica",0.988,"Integrated Taxonomic Information SystemITIS"
"369","Medicago monspeliaca","Medicago monspeliaca",0.988,"Integrated Taxonomic Information SystemITIS"
"370","Medicago murex","Medicago murex",0.988,"Integrated Taxonomic Information SystemITIS"
"371","Medicago polymorpha","Medicago polymorpha",0.988,"Integrated Taxonomic Information SystemITIS"
"372","Medicago rigidula","Medicago rigidula",0.988,"Integrated Taxonomic Information SystemITIS"
"373","Melastoma malabathricum","Melastoma malabathricum",0.988,"Integrated Taxonomic Information SystemITIS"
"374","Meloidogyne hapla","Meloidogyne hapla",0.988,"Integrated Taxonomic Information SystemITIS"
"375","Mentha aquatica","Mentha aquatica",0.988,"Integrated Taxonomic Information SystemITIS"
"376","Mentha gentilis","Mentha gentilis",0.988,"Integrated Taxonomic Information SystemITIS"
"377","Merremia aegyptia","Merremia aegyptia",0.988,"Integrated Taxonomic Information SystemITIS"
"378","Micropercops cinctus","Micropercops cinctus",0.988,"Integrated Taxonomic Information SystemITIS"
"379","Micropterus dolomieu","Micropterus dolomieu",0.988,"Integrated Taxonomic Information SystemITIS"
"380","Microthlaspi perfoliatum","Microthlaspi perfoliatum",0.988,"Integrated Taxonomic Information SystemITIS"
"381","Mikania scandens","Mikania scandens",0.988,"Integrated Taxonomic Information SystemITIS"
"382","Mimosa pudica","Mimosa pudica",0.988,"Integrated Taxonomic Information SystemITIS"
"383","Mimulus moschatus","Mimulus moschatus",0.988,"Integrated Taxonomic Information SystemITIS"
"384","Minuartia hybrida","Minuartia hybrida",0.988,"Integrated Taxonomic Information SystemITIS"
"385","Mirabilis jalapa","Mirabilis jalapa",0.988,"Integrated Taxonomic Information SystemITIS"
"386","Miscanthus sinensis","Miscanthus sinensis",0.988,"Integrated Taxonomic Information SystemITIS"
"387","Misopates orontium","Misopates orontium",0.988,"Integrated Taxonomic Information SystemITIS"
"388","Momordica charantia","Momordica charantia",0.988,"Integrated Taxonomic Information SystemITIS"
"389","Monotaxis grandoculis","Monotaxis grandoculis",0.988,"Integrated Taxonomic Information SystemITIS"
"390","Montia fontana","Montia fontana",0.988,"Integrated Taxonomic Information SystemITIS"
"391","Montia sibirica","Montia sibirica",0.988,"Integrated Taxonomic Information SystemITIS"
"392","Monticellina dorsobranchialis","Monticellina dorsobranchialis",0.988,"Integrated Taxonomic Information SystemITIS"
"393","Morinda citrifolia","Morinda citrifolia",0.988,"Integrated Taxonomic Information SystemITIS"
"394","Mosla dianthera","Mosla dianthera",0.988,"Integrated Taxonomic Information SystemITIS"
"395","Mucuna pruriens","Mucuna pruriens",0.988,"Integrated Taxonomic Information SystemITIS"
"396","Muhlenbergia frondosa","Muhlenbergia frondosa",0.988,"Integrated Taxonomic Information SystemITIS"
"397","Murdannia nudiflora","Murdannia nudiflora",0.988,"Integrated Taxonomic Information SystemITIS"
"398","Mussaenda philippica","Mussaenda philippica",0.988,"Integrated Taxonomic Information SystemITIS"
"399","Mycelis muralis","Mycelis muralis",0.988,"Integrated Taxonomic Information SystemITIS"
"400","Myosotis arvensis","Myosotis arvensis",0.988,"Integrated Taxonomic Information SystemITIS"
"401","Myriophyllum heterophyllum","Myriophyllum heterophyllum",0.988,"Integrated Taxonomic Information SystemITIS"
"402","Mysis relicta","Mysis relicta",0.988,"Integrated Taxonomic Information SystemITIS"
"403","Mytilopsis sallei","Mytilopsis sallei",0.988,"Integrated Taxonomic Information SystemITIS"
"404","Najas gracillima","Najas gracillima",0.988,"Integrated Taxonomic Information SystemITIS"
"405","Nassella neesiana","Nassella neesiana",0.988,"Integrated Taxonomic Information SystemITIS"
"406","Nasturtium microphyllum","Nasturtium microphyllum",0.988,"Integrated Taxonomic Information SystemITIS"
"407","Nasturtium sterile","Nasturtium sterile",0.988,"Integrated Taxonomic Information SystemITIS"
"408","Nemipterus randalli","Nemipterus randalli",0.988,"Integrated Taxonomic Information SystemITIS"
"409","Neogobius fluviatilis","Neogobius fluviatilis",0.988,"Integrated Taxonomic Information SystemITIS"
"410","Nepeta racemosa","Nepeta racemosa",0.988,"Integrated Taxonomic Information SystemITIS"
"411","Nephrolepis brownii","Nephrolepis brownii",0.988,"Integrated Taxonomic Information SystemITIS"
"412","Neyraudia reynaudiana","Neyraudia reynaudiana",0.988,"Integrated Taxonomic Information SystemITIS"
"413","Nicandra physalodes","Nicandra physalodes",0.988,"Integrated Taxonomic Information SystemITIS"
"414","Nicotiana tabacum","Nicotiana tabacum",0.988,"Integrated Taxonomic Information SystemITIS"
"415","Nopalea dejecta","Nopalea dejecta",0.988,"Integrated Taxonomic Information SystemITIS"
"416","Nothoscordum bivalve","Nothoscordum bivalve",0.988,"Integrated Taxonomic Information SystemITIS"
"417","Nothoscordum x borbonicum","Nothoscordum borbonicum",0.988,"Integrated Taxonomic Information SystemITIS"
"418","Nuphar pumila","Nuphar pumila",0.988,"Integrated Taxonomic Information SystemITIS"
"419","Nymphaea lotus","Nymphaea lotus",0.988,"Integrated Taxonomic Information SystemITIS"
"420","Nymphaea tetragona","Nymphaea tetragona",0.988,"Integrated Taxonomic Information SystemITIS"
"421","Nymphoides peltata","Nymphoides peltata",0.988,"Integrated Taxonomic Information SystemITIS"
"422","Odontites vulgaris","Odontites vulgaris",0.988,"Integrated Taxonomic Information SystemITIS"
"423","Oenothera flava","Oenothera flava",0.988,"Integrated Taxonomic Information SystemITIS"
"424","Oenothera parviflora","Oenothera parviflora",0.988,"Integrated Taxonomic Information SystemITIS"
"425","Omobranchus punctatus","Omobranchus punctatus",0.988,"Integrated Taxonomic Information SystemITIS"
"426","Oncorhynchus tshawytscha","Oncorhynchus tshawytscha",0.988,"Integrated Taxonomic Information SystemITIS"
"427","Ondatra zibethicus","Ondatra zibethicus",0.988,"Integrated Taxonomic Information SystemITIS"
"428","Ononis natrix","Ononis natrix",0.988,"Integrated Taxonomic Information SystemITIS"
"429","Opeas pumilum","Opeas pumilum",0.988,"Integrated Taxonomic Information SystemITIS"
"430","Ophrys insectifera","Ophrys insectifera",0.988,"Integrated Taxonomic Information SystemITIS"
"431","Opuntia ficus-indica","Opuntia ficus-indica",0.988,"Integrated Taxonomic Information SystemITIS"
"432","Opuntia humifusa","Opuntia humifusa",0.988,"Integrated Taxonomic Information SystemITIS"
"433","Opuntia macrorhiza","Opuntia macrorhiza",0.988,"Integrated Taxonomic Information SystemITIS"
"434","Origanum onites","Origanum onites",0.988,"Integrated Taxonomic Information SystemITIS"
"435","Ornithopus compressus","Ornithopus compressus",0.988,"Integrated Taxonomic Information SystemITIS"
"436","Orobanche crenata","Orobanche crenata",0.988,"Integrated Taxonomic Information SystemITIS"
"437","Orobanche hederae","Orobanche hederae",0.988,"Integrated Taxonomic Information SystemITIS"
"438","Orontium aquaticum","Orontium aquaticum",0.988,"Integrated Taxonomic Information SystemITIS"
"439","Oryza barthii","Oryza barthii",0.988,"Integrated Taxonomic Information SystemITIS"
"440","Oryza rufipogon","Oryza rufipogon",0.988,"Integrated Taxonomic Information SystemITIS"
"441","Osmerus eperlanus","Osmerus eperlanus",0.988,"Integrated Taxonomic Information SystemITIS"
"442","Oxalis articulata","Oxalis articulata",0.988,"Integrated Taxonomic Information SystemITIS"
"443","Oxalis dillenii","Oxalis dillenii",0.988,"Integrated Taxonomic Information SystemITIS"
"444","Oxalis latifolia","Oxalis latifolia",0.988,"Integrated Taxonomic Information SystemITIS"
"445","Oxalis pes-caprae","Oxalis pes-caprae",0.988,"Integrated Taxonomic Information SystemITIS"
"446","Oxalis triangularis","Oxalis triangularis",0.988,"Integrated Taxonomic Information SystemITIS"
"447","Oxychilus cellarius","Oxychilus cellarius",0.988,"Integrated Taxonomic Information SystemITIS"
"448","Pachira aquatica","Pachira aquatica",0.988,"Integrated Taxonomic Information SystemITIS"
"449","Pacifastacus leniusculus","Pacifastacus leniusculus",0.988,"Integrated Taxonomic Information SystemITIS"
"450","Paederia foetida","Paederia foetida",0.988,"Integrated Taxonomic Information SystemITIS"
"451","Paeonia mascula","Paeonia mascula",0.988,"Integrated Taxonomic Information SystemITIS"
"452","Palaemon longirostris","Palaemon longirostris",0.988,"Integrated Taxonomic Information SystemITIS"
"453","Panicum obtusum","Panicum obtusum",0.988,"Integrated Taxonomic Information SystemITIS"
"454","Panicum philadelphicum","Panicum philadelphicum",0.988,"Integrated Taxonomic Information SystemITIS"
"455","Papaver hybridum","Papaver hybridum",0.988,"Integrated Taxonomic Information SystemITIS"
"456","Papaver pseudoorientale","Papaver pseudoorientale",0.988,"Integrated Taxonomic Information SystemITIS"
"457","Papaver radicatum","Papaver radicatum",0.988,"Integrated Taxonomic Information SystemITIS"
"458","Parablennius thysanius","Parablennius thysanius",0.988,"Integrated Taxonomic Information SystemITIS"
"459","Paramysis baeri","Paramysis baeri",0.988,"Integrated Taxonomic Information SystemITIS"
"460","Parapholis strigosa","Parapholis strigosa",0.988,"Integrated Taxonomic Information SystemITIS"
"461","Parexocoetus mento","Parexocoetus mento",0.988,"Integrated Taxonomic Information SystemITIS"
"462","Parietaria judaica","Parietaria judaica",0.988,"Integrated Taxonomic Information SystemITIS"
"463","Parietaria pensylvanica","Parietaria pensylvanica",0.988,"Integrated Taxonomic Information SystemITIS"
"464","Parthenocissus vitacea","Parthenocissus vitacea",0.988,"Integrated Taxonomic Information SystemITIS"
"465","Paspalidium geminatum","Paspalidium geminatum",0.988,"Integrated Taxonomic Information SystemITIS"
"466","Paspalum conjugatum","Paspalum conjugatum",0.988,"Integrated Taxonomic Information SystemITIS"
"467","Paspalum distichum","Paspalum distichum",0.988,"Integrated Taxonomic Information SystemITIS"
"468","Paspalum notatum","Paspalum notatum",0.988,"Integrated Taxonomic Information SystemITIS"
"469","Paspalum scrobiculatum","Paspalum scrobiculatum",0.988,"Integrated Taxonomic Information SystemITIS"
"470","Paspalum urvillei","Paspalum urvillei",0.988,"Integrated Taxonomic Information SystemITIS"
"471","Paspalum vaginatum","Paspalum vaginatum",0.988,"Integrated Taxonomic Information SystemITIS"
"472","Passiflora tripartita var. mollissima","Passiflora tripartita var. mollissima",0.999,"Integrated Taxonomic Information SystemITIS"
"473","Penaeus hathor","Penaeus hathor",0.988,"Integrated Taxonomic Information SystemITIS"
"474","Penaeus monodon","Penaeus monodon",0.988,"Integrated Taxonomic Information SystemITIS"
"475","Pennisetum purpureum","Pennisetum purpureum",0.988,"Integrated Taxonomic Information SystemITIS"
"476","Pentaglottis sempervirens","Pentaglottis sempervirens",0.988,"Integrated Taxonomic Information SystemITIS"
"477","Pentas lanceolata","Pentas lanceolata",0.988,"Integrated Taxonomic Information SystemITIS"
"478","Pericallis hybrida","Pericallis hybrida",0.988,"Integrated Taxonomic Information SystemITIS"
"479","Persicaria wallichii","Persicaria wallichii",0.988,"Integrated Taxonomic Information SystemITIS"
"480","Petrorhagia prolifera","Petrorhagia prolifera",0.988,"Integrated Taxonomic Information SystemITIS"
"481","Peucedanum ostruthium","Peucedanum ostruthium",0.988,"Integrated Taxonomic Information SystemITIS"
"482","Phacelia ciliata","Phacelia ciliata",0.988,"Integrated Taxonomic Information SystemITIS"
"483","Phedimus aizoon","Phedimus aizoon",0.988,"Integrated Taxonomic Information SystemITIS"
"484","Philadelphus pubescens","Philadelphus pubescens",0.988,"Integrated Taxonomic Information SystemITIS"
"485","Phormium tenax","Phormium tenax",0.988,"Integrated Taxonomic Information SystemITIS"
"486","Phyllostachys nigra","Phyllostachys nigra",0.988,"Integrated Taxonomic Information SystemITIS"
"487","Physalis angulata","Physalis angulata",0.988,"Integrated Taxonomic Information SystemITIS"
"488","Physalis ixocarpa","Physalis ixocarpa",0.988,"Integrated Taxonomic Information SystemITIS"
"489","Physalis longifolia","Physalis longifolia",0.988,"Integrated Taxonomic Information SystemITIS"
"490","Physalis virginiana var. sonorae","Physalis virginiana var. sonorae",0.999,"Integrated Taxonomic Information SystemITIS"
"491","Piaractus brachypomus","Piaractus brachypomus",0.988,"Integrated Taxonomic Information SystemITIS"
"492","Picris pauciflora","Picris pauciflora",0.988,"Integrated Taxonomic Information SystemITIS"
"493","Pimephales promelas","Pimephales promelas",0.988,"Integrated Taxonomic Information SystemITIS"
"494","Pimpinella major","Pimpinella major",0.988,"Integrated Taxonomic Information SystemITIS"
"495","Pimpinella saxifraga","Pimpinella saxifraga",0.988,"Integrated Taxonomic Information SystemITIS"
"496","Plantago patagonica","Plantago patagonica",0.988,"Integrated Taxonomic Information SystemITIS"
"497","Pleuraphis jamesii","Pleuraphis jamesii",0.988,"Integrated Taxonomic Information SystemITIS"
"498","Poa angustifolia","Poa angustifolia",0.988,"Integrated Taxonomic Information SystemITIS"
"499","Poa supina","Poa supina",0.988,"Integrated Taxonomic Information SystemITIS"
"500","Poa trivialis","Poa trivialis",0.988,"Integrated Taxonomic Information SystemITIS"
"501","Polycarpon tetraphyllum subsp. diphyllum","Polycarpon tetraphyllum",0.988,"Integrated Taxonomic Information SystemITIS"
"502","Polydora cornuta","Polydora cornuta",0.988,"Integrated Taxonomic Information SystemITIS"
"503","Polygonatum hirtum","Polygonatum hirtum",0.988,"Integrated Taxonomic Information SystemITIS"
"504","Polygonum alpinum","Polygonum alpinum",0.988,"Integrated Taxonomic Information SystemITIS"
"505","Polygonum arenarium","Polygonum arenarium",0.988,"Integrated Taxonomic Information SystemITIS"
"506","Polygonum bistorta","Polygonum bistorta",0.988,"Integrated Taxonomic Information SystemITIS"
"507","Polygonum capitatum","Polygonum capitatum",0.988,"Integrated Taxonomic Information SystemITIS"
"508","Polygonum hydropiper","Polygonum hydropiper",0.988,"Integrated Taxonomic Information SystemITIS"
"509","Polygonum lapathifolium","Polygonum lapathifolium",0.988,"Integrated Taxonomic Information SystemITIS"
"510","Polygonum nepalense","Polygonum nepalense",0.988,"Integrated Taxonomic Information SystemITIS"
"511","Polygonum plebeium","Polygonum plebeium",0.988,"Integrated Taxonomic Information SystemITIS"
"512","Polygonum ramosissimum","Polygonum ramosissimum",0.988,"Integrated Taxonomic Information SystemITIS"
"513","Polypogon monspeliensis","Polypogon monspeliensis",0.988,"Integrated Taxonomic Information SystemITIS"
"514","Pomacea bridgesii","Pomacea bridgesii",0.988,"Integrated Taxonomic Information SystemITIS"
"515","Pomoxis annularis","Pomoxis annularis",0.988,"Integrated Taxonomic Information SystemITIS"
"516","Pomoxis nigromaculatus","Pomoxis nigromaculatus",0.988,"Integrated Taxonomic Information SystemITIS"
"517","Pontederia cordata","Pontederia cordata",0.988,"Integrated Taxonomic Information SystemITIS"
"518","Potamocorbula amurensis","Potamocorbula amurensis",0.988,"Integrated Taxonomic Information SystemITIS"
"519","Potamogeton compressus","Potamogeton compressus",0.988,"Integrated Taxonomic Information SystemITIS"
"520","Potamothrix bavaricus","Potamothrix bavaricus",0.988,"Integrated Taxonomic Information SystemITIS"
"521","Potamothrix vejdovskyi","Potamothrix vejdovskyi",0.988,"Integrated Taxonomic Information SystemITIS"
"522","Potentilla goldbachii","Potentilla goldbachii",0.988,"Integrated Taxonomic Information SystemITIS"
"523","Potentilla intermedia","Potentilla intermedia",0.988,"Integrated Taxonomic Information SystemITIS"
"524","Potentilla neumanniana","Potentilla neumanniana",0.988,"Integrated Taxonomic Information SystemITIS"
"525","Potentilla pensylvanica","Potentilla pensylvanica",0.988,"Integrated Taxonomic Information SystemITIS"
"526","Potentilla rupestris","Potentilla rupestris",0.988,"Integrated Taxonomic Information SystemITIS"
"527","Potentilla supina","Potentilla supina",0.988,"Integrated Taxonomic Information SystemITIS"
"528","Potentilla supina subsp. paradoxa","Potentilla supina ssp. paradoxa",0.999,"Integrated Taxonomic Information SystemITIS"
"529","Potentilla supina subsp. paradoxa","Potentilla supina var. paradoxa",0.999,"Integrated Taxonomic Information SystemITIS"
"530","Primula elatior","Primula elatior",0.988,"Integrated Taxonomic Information SystemITIS"
"531","Proasellus coxalis","Proasellus coxalis",0.988,"Integrated Taxonomic Information SystemITIS"
"532","Procambarus acutus acutus","Procambarus acutus acutus",0.999,"Integrated Taxonomic Information SystemITIS"
"533","Procambarus fallax f. virginalis","Procambarus fallax",0.988,"Integrated Taxonomic Information SystemITIS"
"534","Prosopis juliflora","Prosopis juliflora",0.988,"Integrated Taxonomic Information SystemITIS"
"535","Prunella laciniata","Prunella laciniata",0.988,"Integrated Taxonomic Information SystemITIS"
"536","Prymnesium parvum","Prymnesium parvum",0.988,"Integrated Taxonomic Information SystemITIS"
"537","Pseudopolydora paucibranchiata","Pseudopolydora paucibranchiata",0.988,"Integrated Taxonomic Information SystemITIS"
"538","Psidium cattleianum","Psidium cattleianum",0.988,"Integrated Taxonomic Information SystemITIS"
"539","Psidium guajava","Psidium guajava",0.988,"Integrated Taxonomic Information SystemITIS"
"540","Pteria hirundo","Pteria hirundo",0.988,"Integrated Taxonomic Information SystemITIS"
"541","Puccinellia hauptiana","Puccinellia hauptiana",0.988,"Integrated Taxonomic Information SystemITIS"
"542","Puccinellia nuttalliana","Puccinellia nuttalliana",0.988,"Integrated Taxonomic Information SystemITIS"
"543","Pulicaria dysenterica","Pulicaria dysenterica",0.988,"Integrated Taxonomic Information SystemITIS"
"544","Pulsatilla vulgaris","Pulsatilla vulgaris",0.988,"Integrated Taxonomic Information SystemITIS"
"545","Pycnanthemum pilosum","Pycnanthemum pilosum",0.988,"Integrated Taxonomic Information SystemITIS"
"546","Radopholus similis","Radopholus similis",0.988,"Integrated Taxonomic Information SystemITIS"
"547","Ranunculus gramineus","Ranunculus gramineus",0.988,"Integrated Taxonomic Information SystemITIS"
"548","Raphanus sativus","Raphanus sativus",0.988,"Integrated Taxonomic Information SystemITIS"
"549","Reseda alba","Reseda alba",0.988,"Integrated Taxonomic Information SystemITIS"
"550","Reseda luteola","Reseda luteola",0.988,"Integrated Taxonomic Information SystemITIS"
"551","Retama monosperma","Retama monosperma",0.988,"Integrated Taxonomic Information SystemITIS"
"552","Rhinanthus major","Rhinanthus major",0.988,"Integrated Taxonomic Information SystemITIS"
"553","Rhithropanopeus harrisii","Rhithropanopeus harrisii",0.988,"Integrated Taxonomic Information SystemITIS"
"554","Rhodeus ocellatus ocellatus","Rhodeus ocellatus",0.988,"Integrated Taxonomic Information SystemITIS"
"555","Rhodomyrtus tomentosa","Rhodomyrtus tomentosa",0.988,"Integrated Taxonomic Information SystemITIS"
"556","Ricinus communis","Ricinus communis",0.988,"Integrated Taxonomic Information SystemITIS"
"557","Rorippa austriaca","Rorippa austriaca",0.988,"Integrated Taxonomic Information SystemITIS"
"558","Rorippa curvisiliqua","Rorippa curvisiliqua",0.988,"Integrated Taxonomic Information SystemITIS"
"559","Rosa arvensis","Rosa arvensis",0.988,"Integrated Taxonomic Information SystemITIS"
"560","Rosa carolina","Rosa carolina",0.988,"Integrated Taxonomic Information SystemITIS"
"561","Rosa ferruginea","Rosa ferruginea",0.988,"Integrated Taxonomic Information SystemITIS"
"562","Rosa micrantha","Rosa micrantha",0.988,"Integrated Taxonomic Information SystemITIS"
"563","Rosa setigera","Rosa setigera",0.988,"Integrated Taxonomic Information SystemITIS"
"564","Rosa wichuraiana","Rosa wichuraiana",0.988,"Integrated Taxonomic Information SystemITIS"
"565","Rotala ramosior","Rotala ramosior",0.988,"Integrated Taxonomic Information SystemITIS"
"566","Rubus cockburnianus","Rubus cockburnianus",0.988,"Integrated Taxonomic Information SystemITIS"
"567","Rubus fruticosus","Rubus fruticosus",0.988,"Integrated Taxonomic Information SystemITIS"
"568","Rudbeckia triloba","Rudbeckia triloba",0.988,"Integrated Taxonomic Information SystemITIS"
"569","Rumex brownii","Rumex brownii",0.988,"Integrated Taxonomic Information SystemITIS"
"570","Rumex bucephalophorus","Rumex bucephalophorus",0.988,"Integrated Taxonomic Information SystemITIS"
"571","Rumex confertus","Rumex confertus",0.988,"Integrated Taxonomic Information SystemITIS"
"572","Rumex crispus","Rumex crispus",0.988,"Integrated Taxonomic Information SystemITIS"
"573","Rumex cristatus subsp. kerneri","Rumex cristatus",0.988,"Integrated Taxonomic Information SystemITIS"
"574","Rumex obovatus","Rumex obovatus",0.988,"Integrated Taxonomic Information SystemITIS"
"575","Rumex thyrsiflorus","Rumex thyrsiflorus",0.988,"Integrated Taxonomic Information SystemITIS"
"576","Rumex vesicarius","Rumex vesicarius",0.988,"Integrated Taxonomic Information SystemITIS"
"577","Sagina saginoides","Sagina saginoides",0.988,"Integrated Taxonomic Information SystemITIS"
"578","Sagittaria lancifolia","Sagittaria lancifolia",0.988,"Integrated Taxonomic Information SystemITIS"
"579","Sagittaria platyphylla","Sagittaria platyphylla",0.988,"Integrated Taxonomic Information SystemITIS"
"580","Sagittaria sagittifolia","Sagittaria sagittifolia",0.988,"Integrated Taxonomic Information SystemITIS"
"581","Sagittaria subulata","Sagittaria subulata",0.988,"Integrated Taxonomic Information SystemITIS"
"582","Salicornia europaea","Salicornia europaea",0.988,"Integrated Taxonomic Information SystemITIS"
"583","Salix eleagnos","Salix eleagnos",0.988,"Integrated Taxonomic Information SystemITIS"
"584","Salmo salar","Salmo salar",0.988,"Integrated Taxonomic Information SystemITIS"
"585","Salpichroa origanifolia","Salpichroa origanifolia",0.988,"Integrated Taxonomic Information SystemITIS"
"586","Salsola collina","Salsola collina",0.988,"Integrated Taxonomic Information SystemITIS"
"587","Salsola kali","Salsola kali",0.988,"Integrated Taxonomic Information SystemITIS"
"588","Salsola soda","Salsola soda",0.988,"Integrated Taxonomic Information SystemITIS"
"589","Salvelinus namaycush","Salvelinus namaycush",0.988,"Integrated Taxonomic Information SystemITIS"
"590","Salvia pinnata","Salvia pinnata",0.988,"Integrated Taxonomic Information SystemITIS"
"591","Salvia verticillata","Salvia verticillata",0.988,"Integrated Taxonomic Information SystemITIS"
"592","Salvia viridis","Salvia viridis",0.988,"Integrated Taxonomic Information SystemITIS"
"593","Salvinia auriculata","Salvinia auriculata",0.988,"Integrated Taxonomic Information SystemITIS"
"594","Samolus valerandi","Samolus valerandi",0.988,"Integrated Taxonomic Information SystemITIS"
"595","Sanguisorba officinalis","Sanguisorba officinalis",0.988,"Integrated Taxonomic Information SystemITIS"
"596","Sanguisorba x tenuifolia","Sanguisorba tenuifolia",0.988,"Integrated Taxonomic Information SystemITIS"
"597","Santolina rosmarinifolia","Santolina rosmarinifolia",0.988,"Integrated Taxonomic Information SystemITIS"
"598","Sarracenia flava x purpurea","Sarracenia flava",0.988,"Integrated Taxonomic Information SystemITIS"
"599","Satureja montana","Satureja montana",0.988,"Integrated Taxonomic Information SystemITIS"
"600","Saurida undosquamis","Saurida undosquamis",0.988,"Integrated Taxonomic Information SystemITIS"
"601","Saxifraga hirsuta","Saxifraga hirsuta",0.988,"Integrated Taxonomic Information SystemITIS"
"602","Saxifraga rosacea","Saxifraga rosacea",0.988,"Integrated Taxonomic Information SystemITIS"
"603","Saxifraga sibthorpii","Saxifraga sibthorpii",0.988,"Integrated Taxonomic Information SystemITIS"
"604","Saxifraga umbrosa","Saxifraga umbrosa",0.988,"Integrated Taxonomic Information SystemITIS"
"605","Scabiosa ochroleuca","Scabiosa ochroleuca",0.988,"Integrated Taxonomic Information SystemITIS"
"606","Scardinius erythrophthalmus","Scardinius erythrophthalmus",0.988,"Integrated Taxonomic Information SystemITIS"
"607","Schinus terebinthifolius","Schinus terebinthifolius",0.988,"Integrated Taxonomic Information SystemITIS"
"608","Schismus barbatus","Schismus barbatus",0.988,"Integrated Taxonomic Information SystemITIS"
"609","Schkuhria pinnata","Schkuhria pinnata",0.988,"Integrated Taxonomic Information SystemITIS"
"610","Schoenoplectus litoralis subsp. thermalis","Schoenoplectus litoralis",0.988,"Integrated Taxonomic Information SystemITIS"
"611","Schoenus ferrugineus","Schoenus ferrugineus",0.988,"Integrated Taxonomic Information SystemITIS"
"612","Scirpus atrovirens","Scirpus atrovirens",0.988,"Integrated Taxonomic Information SystemITIS"
"613","Scirpus cyperinus","Scirpus cyperinus",0.988,"Integrated Taxonomic Information SystemITIS"
"614","Scleranthus perennis","Scleranthus perennis",0.988,"Integrated Taxonomic Information SystemITIS"
"615","Scolymus hispanicus","Scolymus hispanicus",0.988,"Integrated Taxonomic Information SystemITIS"
"616","Scopolia carniolica","Scopolia carniolica",0.988,"Integrated Taxonomic Information SystemITIS"
"617","Scorpiurus muricatus","Scorpiurus muricatus",0.988,"Integrated Taxonomic Information SystemITIS"
"618","Scrophularia auriculata","Scrophularia auriculata",0.988,"Integrated Taxonomic Information SystemITIS"
"619","Scrophularia canina","Scrophularia canina",0.988,"Integrated Taxonomic Information SystemITIS"
"620","Scutellaria minor","Scutellaria minor",0.988,"Integrated Taxonomic Information SystemITIS"
"621","Secale montanum","Secale montanum",0.988,"Integrated Taxonomic Information SystemITIS"
"622","Securigera securidaca","Securigera securidaca",0.988,"Integrated Taxonomic Information SystemITIS"
"623","Sedum album","Sedum album",0.988,"Integrated Taxonomic Information SystemITIS"
"624","Sedum kamtschaticum","Sedum kamtschaticum",0.988,"Integrated Taxonomic Information SystemITIS"
"625","Sedum reflexum","Sedum reflexum",0.988,"Integrated Taxonomic Information SystemITIS"
"626","Senecio cannabifolius","Senecio cannabifolius",0.988,"Integrated Taxonomic Information SystemITIS"
"627","Senecio erucifolius","Senecio erucifolius",0.988,"Integrated Taxonomic Information SystemITIS"
"628","Senecio squalidus","Senecio squalidus",0.988,"Integrated Taxonomic Information SystemITIS"
"629","Senecio sylvaticus","Senecio sylvaticus",0.988,"Integrated Taxonomic Information SystemITIS"
"630","Sesbania cannabina","Sesbania cannabina",0.988,"Integrated Taxonomic Information SystemITIS"
"631","Sesbania herbacea","Sesbania herbacea",0.988,"Integrated Taxonomic Information SystemITIS"
"632","Seseli libanotis","Seseli libanotis",0.988,"Integrated Taxonomic Information SystemITIS"
"633","Sesleria caerulea","Sesleria caerulea",0.988,"Integrated Taxonomic Information SystemITIS"
"634","Sidalcea malviflora","Sidalcea malviflora",0.988,"Integrated Taxonomic Information SystemITIS"
"635","Silene antirrhina","Silene antirrhina",0.988,"Integrated Taxonomic Information SystemITIS"
"636","Silene fimbriata","Silene fimbriata",0.988,"Integrated Taxonomic Information SystemITIS"
"637","Silene pendula","Silene pendula",0.988,"Integrated Taxonomic Information SystemITIS"
"638","Silene sibirica","Silene sibirica",0.988,"Integrated Taxonomic Information SystemITIS"
"639","Silene vulgaris","Silene vulgaris",0.988,"Integrated Taxonomic Information SystemITIS"
"640","Sinapis arvensis","Sinapis arvensis",0.988,"Integrated Taxonomic Information SystemITIS"
"641","Sisymbrium irio","Sisymbrium irio",0.988,"Integrated Taxonomic Information SystemITIS"
"642","Sisyrinchium angustifolium","Sisyrinchium angustifolium",0.988,"Integrated Taxonomic Information SystemITIS"
"643","Sisyrinchium montanum","Sisyrinchium montanum",0.988,"Integrated Taxonomic Information SystemITIS"
"644","Smelowskia calycina","Smelowskia calycina",0.988,"Integrated Taxonomic Information SystemITIS"
"645","Smilacina stellata","Smilacina stellata",0.988,"Integrated Taxonomic Information SystemITIS"
"646","Solanum alatum","Solanum alatum",0.988,"Integrated Taxonomic Information SystemITIS"
"647","Solanum americanum","Solanum americanum",0.988,"Integrated Taxonomic Information SystemITIS"
"648","Solanum chenopodioides","Solanum chenopodioides",0.988,"Integrated Taxonomic Information SystemITIS"
"649","Solanum humile","Solanum humile",0.988,"Integrated Taxonomic Information SystemITIS"
"650","Solanum luteum","Solanum luteum",0.988,"Integrated Taxonomic Information SystemITIS"
"651","Solanum nigrum","Solanum nigrum",0.988,"Integrated Taxonomic Information SystemITIS"
"652","Solanum rostratum","Solanum rostratum",0.988,"Integrated Taxonomic Information SystemITIS"
"653","Solanum torvum","Solanum torvum",0.988,"Integrated Taxonomic Information SystemITIS"
"654","Solanum tuberosum","Solanum tuberosum",0.988,"Integrated Taxonomic Information SystemITIS"
"655","Solanum viarum","Solanum viarum",0.988,"Integrated Taxonomic Information SystemITIS"
"656","Solidago rugosa","Solidago rugosa",0.988,"Integrated Taxonomic Information SystemITIS"
"657","Sonchus arvensis","Sonchus arvensis",0.988,"Integrated Taxonomic Information SystemITIS"
"658","Spartium junceum","Spartium junceum",0.988,"Integrated Taxonomic Information SystemITIS"
"659","Spergula morisonii","Spergula morisonii",0.988,"Integrated Taxonomic Information SystemITIS"
"660","Spergularia marina","Spergularia marina",0.988,"Integrated Taxonomic Information SystemITIS"
"661","Spergularia rubra","Spergularia rubra",0.988,"Integrated Taxonomic Information SystemITIS"
"662","Sphaeralcea miniata","Sphaeralcea miniata",0.988,"Integrated Taxonomic Information SystemITIS"
"663","Sphaerophysa salsula","Sphaerophysa salsula",0.988,"Integrated Taxonomic Information SystemITIS"
"664","Sphenoclea zeylanica","Sphenoclea zeylanica",0.988,"Integrated Taxonomic Information SystemITIS"
"665","Sphoeroides marmoratus","Sphoeroides marmoratus",0.988,"Integrated Taxonomic Information SystemITIS"
"666","Spirorbis marioni","Spirorbis marioni",0.988,"Integrated Taxonomic Information SystemITIS"
"667","Stachys byzantina","Stachys byzantina",0.988,"Integrated Taxonomic Information SystemITIS"
"668","Stachys cretica","Stachys cretica",0.988,"Integrated Taxonomic Information SystemITIS"
"669","Stachys macrantha","Stachys macrantha",0.988,"Integrated Taxonomic Information SystemITIS"
"670","Stachys officinalis","Stachys officinalis",0.988,"Integrated Taxonomic Information SystemITIS"
"671","Stachytarpheta jamaicensis","Stachytarpheta jamaicensis",0.988,"Integrated Taxonomic Information SystemITIS"
"672","Stenotaphrum secundatum","Stenotaphrum secundatum",0.988,"Integrated Taxonomic Information SystemITIS"
"673","Stipa capensis","Stipa capensis",0.988,"Integrated Taxonomic Information SystemITIS"
"674","Striga densiflora","Striga densiflora",0.988,"Integrated Taxonomic Information SystemITIS"
"675","Symphytum asperum","Symphytum asperum",0.988,"Integrated Taxonomic Information SystemITIS"
"676","Synagrops japonicus","Synagrops japonicus",0.988,"Integrated Taxonomic Information SystemITIS"
"677","Tagetes erecta","Tagetes erecta",0.988,"Integrated Taxonomic Information SystemITIS"
"678","Tagetes minuta","Tagetes minuta",0.988,"Integrated Taxonomic Information SystemITIS"
"679","Tagetes tenuifolia","Tagetes tenuifolia",0.988,"Integrated Taxonomic Information SystemITIS"
"680","Talipariti tiliaceum","Talipariti tiliaceum",0.988,"Integrated Taxonomic Information SystemITIS"
"681","Tanacetum balsamita","Tanacetum balsamita",0.988,"Integrated Taxonomic Information SystemITIS"
"682","Taraxacum laevigatum","Taraxacum laevigatum",0.988,"Integrated Taxonomic Information SystemITIS"
"683","Tectona grandis","Tectona grandis",0.988,"Integrated Taxonomic Information SystemITIS"
"684","Tetragonia tetragonioides","Tetragonia tetragonioides",0.988,"Integrated Taxonomic Information SystemITIS"
"685","Thalamita gloriensis","Thalamita gloriensis",0.988,"Integrated Taxonomic Information SystemITIS"
"686","Thalictrum minus","Thalictrum minus",0.988,"Integrated Taxonomic Information SystemITIS"
"687","Theora lubrica","Theora lubrica",0.988,"Integrated Taxonomic Information SystemITIS"
"688","Thlaspi arvense","Thlaspi arvense",0.988,"Integrated Taxonomic Information SystemITIS"
"689","Thymelaea passerina","Thymelaea passerina",0.988,"Integrated Taxonomic Information SystemITIS"
"690","Thymus pulegioides","Thymus pulegioides",0.988,"Integrated Taxonomic Information SystemITIS"
"691","Thymus serpyllum","Thymus serpyllum",0.988,"Integrated Taxonomic Information SystemITIS"
"692","Tiarella cordifolia","Tiarella cordifolia",0.988,"Integrated Taxonomic Information SystemITIS"
"693","Tilapia mariae","Tilapia mariae",0.988,"Integrated Taxonomic Information SystemITIS"
"694","Tilapia zillii","Tilapia zillii",0.988,"Integrated Taxonomic Information SystemITIS"
"695","Tithonia diversifolia","Tithonia diversifolia",0.988,"Integrated Taxonomic Information SystemITIS"
"696","Tolpis barbata","Tolpis barbata",0.988,"Integrated Taxonomic Information SystemITIS"
"697","Tordylium apulum","Tordylium apulum",0.988,"Integrated Taxonomic Information SystemITIS"
"698","Torilis japonica","Torilis japonica",0.988,"Integrated Taxonomic Information SystemITIS"
"699","Torquigener flavimaculosus","Torquigener flavimaculosus",0.988,"Integrated Taxonomic Information SystemITIS"
"700","Trachelospermum jasminoides","Trachelospermum jasminoides",0.988,"Integrated Taxonomic Information SystemITIS"
"701","Tradescantia ohiensis","Tradescantia ohiensis",0.988,"Integrated Taxonomic Information SystemITIS"
"702","Tridax procumbens","Tridax procumbens",0.988,"Integrated Taxonomic Information SystemITIS"
"703","Trifolium argutum","Trifolium argutum",0.988,"Integrated Taxonomic Information SystemITIS"
"704","Trifolium diffusum","Trifolium diffusum",0.988,"Integrated Taxonomic Information SystemITIS"
"705","Trifolium isthmocarpum","Trifolium isthmocarpum",0.988,"Integrated Taxonomic Information SystemITIS"
"706","Trifolium lappaceum","Trifolium lappaceum",0.988,"Integrated Taxonomic Information SystemITIS"
"707","Trifolium ligusticum","Trifolium ligusticum",0.988,"Integrated Taxonomic Information SystemITIS"
"708","Trifolium medium","Trifolium medium",0.988,"Integrated Taxonomic Information SystemITIS"
"709","Trifolium montanum","Trifolium montanum",0.988,"Integrated Taxonomic Information SystemITIS"
"710","Trifolium mutabile","Trifolium mutabile",0.988,"Integrated Taxonomic Information SystemITIS"
"711","Trifolium strictum","Trifolium strictum",0.988,"Integrated Taxonomic Information SystemITIS"
"712","Triticum boeoticum","Triticum boeoticum",0.988,"Integrated Taxonomic Information SystemITIS"
"713","Triticum carthlicum","Triticum carthlicum",0.988,"Integrated Taxonomic Information SystemITIS"
"714","Tropaeolum majus","Tropaeolum majus",0.988,"Integrated Taxonomic Information SystemITIS"
"715","Tubificoides pseudogaster","Tubificoides pseudogaster",0.988,"Integrated Taxonomic Information SystemITIS"
"716","Tulipa sylvestris","Tulipa sylvestris",0.988,"Integrated Taxonomic Information SystemITIS"
"717","Typha domingensis","Typha domingensis",0.988,"Integrated Taxonomic Information SystemITIS"
"718","Typha x glauca","Typha glauca",0.988,"Integrated Taxonomic Information SystemITIS"
"719","Umbra pygmaea","Umbra pygmaea",0.988,"Integrated Taxonomic Information SystemITIS"
"720","Urena lobata","Urena lobata",0.988,"Integrated Taxonomic Information SystemITIS"
"721","Urochloa distachya","Urochloa distachya",0.988,"Integrated Taxonomic Information SystemITIS"
"722","Urochloa mutica","Urochloa mutica",0.988,"Integrated Taxonomic Information SystemITIS"
"723","Urospermum picroides","Urospermum picroides",0.988,"Integrated Taxonomic Information SystemITIS"
"724","Urtica chamaedryoides","Urtica chamaedryoides",0.988,"Integrated Taxonomic Information SystemITIS"
"725","Vachellia macracantha","Vachellia macracantha",0.988,"Integrated Taxonomic Information SystemITIS"
"726","Vallisneria spiralis","Vallisneria spiralis",0.988,"Integrated Taxonomic Information SystemITIS"
"727","Velezia rigida","Velezia rigida",0.988,"Integrated Taxonomic Information SystemITIS"
"728","Verbascum chaixii","Verbascum chaixii",0.988,"Integrated Taxonomic Information SystemITIS"
"729","Verbascum nigrum","Verbascum nigrum",0.988,"Integrated Taxonomic Information SystemITIS"
"730","Verbascum sinuatum","Verbascum sinuatum",0.988,"Integrated Taxonomic Information SystemITIS"
"731","Verbascum speciosum","Verbascum speciosum",0.988,"Integrated Taxonomic Information SystemITIS"
"732","Verbascum virgatum","Verbascum virgatum",0.988,"Integrated Taxonomic Information SystemITIS"
"733","Verbena bonariensis","Verbena bonariensis",0.988,"Integrated Taxonomic Information SystemITIS"
"734","Verbena urticifolia","Verbena urticifolia",0.988,"Integrated Taxonomic Information SystemITIS"
"735","Verbesina alternifolia","Verbesina alternifolia",0.988,"Integrated Taxonomic Information SystemITIS"
"736","Verbesina occidentalis","Verbesina occidentalis",0.988,"Integrated Taxonomic Information SystemITIS"
"737","Veronica biloba","Veronica biloba",0.988,"Integrated Taxonomic Information SystemITIS"
"738","Veronica chamaedrys","Veronica chamaedrys",0.988,"Integrated Taxonomic Information SystemITIS"
"739","Veronica cymbalaria","Veronica cymbalaria",0.988,"Integrated Taxonomic Information SystemITIS"
"740","Veronica fruticans","Veronica fruticans",0.988,"Integrated Taxonomic Information SystemITIS"
"741","Veronica serpyllifolia","Veronica serpyllifolia",0.988,"Integrated Taxonomic Information SystemITIS"
"742","Veronica verna","Veronica verna",0.988,"Integrated Taxonomic Information SystemITIS"
"743","Vicia disperma","Vicia disperma",0.988,"Integrated Taxonomic Information SystemITIS"
"744","Vicia sepium","Vicia sepium",0.988,"Integrated Taxonomic Information SystemITIS"
"745","Vicia sylvatica","Vicia sylvatica",0.988,"Integrated Taxonomic Information SystemITIS"
"746","Vicia tenuifolia","Vicia tenuifolia",0.988,"Integrated Taxonomic Information SystemITIS"
"747","Vigna marina","Vigna marina",0.988,"Integrated Taxonomic Information SystemITIS"
"748","Vinca major","Vinca major",0.988,"Integrated Taxonomic Information SystemITIS"
"749","Viola canadensis","Viola canadensis",0.988,"Integrated Taxonomic Information SystemITIS"
"750","Viola selkirkii","Viola selkirkii",0.988,"Integrated Taxonomic Information SystemITIS"
"751","Viola sororia","Viola sororia",0.988,"Integrated Taxonomic Information SystemITIS"
"752","Vitis cinerea","Vitis cinerea",0.988,"Integrated Taxonomic Information SystemITIS"
"753","Vulpia geniculata","Vulpia geniculata",0.988,"Integrated Taxonomic Information SystemITIS"
"754","Waldsteinia ternata","Waldsteinia ternata",0.988,"Integrated Taxonomic Information SystemITIS"
"755","Wolffia arrhiza","Wolffia arrhiza",0.988,"Integrated Taxonomic Information SystemITIS"
"756","Xanthium spinosum","Xanthium spinosum",0.988,"Integrated Taxonomic Information SystemITIS"
"757","Xanthoceras sorbifolium","Xanthoceras sorbifolium",0.988,"Integrated Taxonomic Information SystemITIS"
"758","Xanthoxalis stricta","Xanthoxalis stricta",0.988,"Integrated Taxonomic Information SystemITIS"
"759","Xiphophorus hellerii","Xiphophorus hellerii",0.988,"Integrated Taxonomic Information SystemITIS"
"760","Xiphophorus maculatus","Xiphophorus maculatus",0.988,"Integrated Taxonomic Information SystemITIS"
